frame,sim_time,input_delta_pos_x,input_delta_pos_y,input_delta_pos_z,input_delta_rot_x,input_delta_rot_y,input_delta_rot_z,input_gripper,ee_pos_x,ee_pos_y,ee_pos_z,ee_quat_x,ee_quat_y,ee_quat_z,ee_quat_w,ee_body_ang_vel_x,ee_body_ang_vel_y,ee_body_ang_vel_z,ee_body_lin_vel_x,ee_body_lin_vel_y,ee_body_lin_vel_z,gripper_pos,ee_target_pos_x,ee_target_pos_y,ee_target_pos_z,ee_target_quat_x,ee_target_quat_y,ee_target_quat_z,ee_target_quat_w,joint_q_0,joint_q_1,joint_q_2,joint_q_3,joint_q_4,joint_q_5,joint_q_6,joint_q_7,joint_target_q_0,joint_target_q_1,joint_target_q_2,joint_target_q_3,joint_target_q_4,joint_target_q_5,joint_target_q_6,joint_target_q_7
0,0.016667,0.0000000,0.0000000,0.0000000,0.1000000,0.0000000,0.0000000,0.0,0.054509,-0.520520,0.630630,0.921992,-0.384766,-0.016904,-0.039996,-0.095235,-1.122165,-0.208227,5.211709,-0.141339,-0.328025,0.040000,0.054499,-0.500000,0.422002,0.998750,0.000049,0.000002,-0.049979,-0.018549,0.000906,-0.018484,-1.571136,0.086811,1.568433,0.753711,0.023355,-0.018874,0.000805,-0.018870,-1.571679,0.099944,1.568708,0.747576,0.040000
1,0.033333,0.0000000,0.0000000,0.0000000,0.1000000,0.0000000,0.0000000,0.0,0.054529,-0.541132,0.627564,0.918733,-0.383816,-0.036052,-0.085537,-0.104422,-1.100977,-0.345277,5.943911,-0.202347,-0.063715,0.040000,0.054499,-0.500000,0.422002,0.995004,0.000049,0.000005,-0.099833,-0.037292,0.003336,-0.037074,-1.573716,0.185480,1.562626,0.717268,0.031458,-0.037706,0.003233,-0.037562,-1.574316,0.199554,1.562473,0.710189,0.040000
2,0.050000,0.0000000,0.0000000,0.0000000,0.1000000,0.0000000,0.0000000,0.0,0.054540,-0.561444,0.622444,0.913273,-0.381592,-0.055228,-0.131413,-0.112706,-1.066754,-0.449041,6.012090,-0.222761,-0.036310,0.040000,0.054499,-0.500000,0.422002,0.988771,0.000049,0.000007,-0.149438,-0.056058,0.007328,-0.055369,-1.578151,0.284628,1.552915,0.680590,0.034365,-0.056492,0.007242,-0.055847,-1.578771,0.298508,1.552195,0.673467,0.040000
3,0.066667,0.0000000,0.0000000,0.0000000,0.1000000,0.0000000,0.0000000,0.0,0.054547,-0.581168,0.615319,0.905542,-0.378364,-0.074247,-0.176979,-0.120037,-1.020852,-0.546991,6.015089,-0.225358,-0.040603,0.040000,0.054499,-0.500000,0.422002,0.980067,0.000048,0.000010,-0.198669,-0.074765,0.012863,-0.073065,-1.584451,0.382859,1.539310,0.644685,0.035427,-0.075214,0.012796,-0.073500,-1.585091,0.396501,1.538023,0.637712,0.040000
4,0.083333,0.0000000,0.0000000,0.0000000,0.1000000,0.0000000,0.0000000,0.0,0.054553,-0.600092,0.606256,0.895546,-0.374179,-0.093071,-0.222091,-0.127115,-0.966320,-0.641178,6.014931,-0.223810,-0.049922,0.040000,0.054499,-0.500000,0.422002,0.968912,0.000048,0.000012,-0.247404,-0.093367,0.019887,-0.089920,-1.592677,0.479850,1.521984,0.609943,0.035827,-0.093838,0.019836,-0.090298,-1.593342,0.493258,1.520157,0.603199,0.040000
5,0.100000,0.0000000,0.0000000,0.0000000,0.1000000,0.0000000,0.0000000,0.0,0.054557,-0.618020,0.595346,0.883308,-0.369052,-0.111657,-0.266648,-0.134226,-0.903737,-0.731299,6.015658,-0.220863,-0.060317,0.040000,0.054499,-0.500000,0.422002,0.955336,0.000047,0.000015,-0.295520,-0.111807,0.028331,-0.105711,-1.602892,0.575378,1.501173,0.576626,0.035990,-0.112306,0.028293,-0.106023,-1.603592,0.588541,1.498840,0.570161,0.040000
6,0.116667,0.0000000,0.0000000,0.0000000,0.1000000,0.0000000,0.0000000,0.0,0.054559,-0.634770,0.582696,0.868854,-0.362995,-0.129960,-0.310543,-0.141491,-0.833304,-0.816739,6.016449,-0.216766,-0.071189,0.040000,0.054499,-0.500000,0.422002,0.939373,0.000046,0.000017,-0.342898,-0.130008,0.038114,-0.120227,-1.615148,0.669256,1.477139,0.544939,0.036067,-0.130539,0.038085,-0.120466,-1.615893,0.682156,1.474342,0.538796,0.040000
7,0.133333,0.0000000,0.0000000,0.0000000,0.1000000,0.0000000,0.0000000,0.0,0.054560,-0.650172,0.568434,0.852221,-0.356026,-0.147935,-0.353666,-0.148958,-0.755125,-0.896791,6.016697,-0.211371,-0.082318,0.040000,0.054499,-0.500000,0.422002,0.921061,0.000045,0.000019,-0.389418,-0.147872,0.049147,-0.133268,-1.629473,0.761337,1.450166,0.515047,0.036115,-0.148438,0.049123,-0.133428,-1.630273,0.773956,1.446948,0.509259,0.040000
8,0.150000,0.0000000,0.0000000,0.0000000,0.1000000,0.0000000,0.0000000,0.0,0.054561,-0.664073,0.552703,0.833450,-0.348161,-0.165535,-0.395909,-0.156665,-0.669387,-0.970632,6.016184,-0.204585,-0.093448,0.040000,0.054499,-0.500000,0.422002,0.900447,0.000044,0.000021,-0.434966,-0.165292,0.061336,-0.144654,-1.645868,0.851521,1.420541,0.487079,0.036155,-0.165892,0.061313,-0.144730,-1.646733,0.863850,1.416947,0.481670,0.040000
9,0.166667,0.0000000,0.0000000,0.0000000,0.1000000,0.0000000,0.0000000,0.0,0.054560,-0.676331,0.535661,0.812586,-0.339422,-0.182715,-0.437164,-0.164566,-0.576402,-1.037371,6.014759,-0.196362,-0.104328,0.040000,0.054499,-0.500000,0.422002,0.877583,0.000043,0.000024,-0.479426,-0.182147,0.074583,-0.154219,-1.664298,0.939766,1.388553,0.461127,0.036192,-0.182781,0.074558,-0.154207,-1.665235,0.951803,1.384626,0.456117,0.040000
10,0.183333,0.0000000,0.0000000,0.0000000,-0.1000000,0.0000000,0.0000000,0.0,0.054526,-0.664024,0.551710,0.830701,-0.342031,-0.167618,-0.406024,0.120234,0.615534,0.986550,-4.654088,-0.586448,0.310337,0.040000,0.054499,-0.500000,0.422002,0.900447,0.000044,0.000021,-0.434966,-0.165849,0.061466,-0.145154,-1.647457,0.872708,1.413666,0.478362,0.040531,-0.165355,0.061329,-0.145293,-1.646713,0.863881,1.416919,0.481658,0.040000
11,0.200000,0.0000000,0.0000000,0.0000000,-0.1000000,0.0000000,0.0000000,0.0,0.054534,-0.650241,0.567306,0.849753,-0.349079,-0.150585,-0.365221,0.118626,0.687853,0.985087,-5.827826,-0.254286,-0.008281,0.040000,0.054499,-0.500000,0.422002,0.921061,0.000045,0.000019,-0.389418,-0.147920,0.049300,-0.134462,-1.631135,0.785447,1.443081,0.504274,0.040384,-0.147380,0.049143,-0.134526,-1.630248,0.774005,1.446907,0.509236,0.040000
12,0.216667,0.0000000,0.0000000,0.0000000,-0.1000000,0.0000000,0.0000000,0.0,0.054536,-0.635004,0.581569,0.866933,-0.355990,-0.132983,-0.322511,0.111100,0.770425,0.917812,-5.961243,-0.219853,-0.055490,0.040000,0.054499,-0.500000,0.422002,0.939373,0.000046,0.000017,-0.342898,-0.129502,0.038264,-0.122097,-1.616713,0.694215,1.470709,0.533213,0.040415,-0.128983,0.038107,-0.122067,-1.615864,0.682212,1.474299,0.538766,0.040000
13,0.233333,0.0000000,0.0000000,0.0000000,-0.1000000,0.0000000,0.0000000,0.0,0.054538,-0.618421,0.594258,0.881968,-0.362117,-0.115031,-0.278875,0.103609,0.848883,0.836669,-5.976184,-0.219784,-0.053312,0.040000,0.054499,-0.500000,0.422002,0.955336,0.000047,0.000015,-0.295520,-0.110779,0.028467,-0.108205,-1.604361,0.600921,1.495581,0.564176,0.040416,-0.110286,0.028314,-0.108087,-1.603563,0.588597,1.498801,0.570130,0.040000
14,0.250000,0.0000000,0.0000000,0.0000000,-0.1000000,0.0000000,0.0000000,0.0,0.054541,-0.600654,0.605232,0.894806,-0.367357,-0.096794,-0.234525,0.096197,0.919789,0.749181,-5.978517,-0.222907,-0.043427,0.040000,0.054499,-0.500000,0.422002,0.968912,0.000048,0.000012,-0.247404,-0.091866,0.020000,-0.092976,-1.594067,0.505914,1.517331,0.596873,0.040418,-0.091398,0.019855,-0.092776,-1.593315,0.493306,1.520126,0.603171,0.040000
15,0.266667,0.0000000,0.0000000,0.0000000,-0.1000000,0.0000000,0.0000000,0.0,0.054546,-0.581877,0.614380,0.905414,-0.371686,-0.078318,-0.189582,0.088818,0.982713,0.656898,-5.980140,-0.225428,-0.032745,0.040000,0.054499,-0.500000,0.422002,0.980067,0.000048,0.000010,-0.198669,-0.072853,0.012944,-0.076609,-1.585783,0.409406,1.535676,0.631090,0.040420,-0.072408,0.012812,-0.076334,-1.585066,0.396537,1.538000,0.637691,0.040000
16,0.283333,0.0000000,0.0000000,0.0000000,-0.1000000,0.0000000,0.0000000,0.0,0.054551,-0.562277,0.621611,0.913765,-0.375091,-0.059649,-0.144157,0.081376,1.037560,0.560540,-5.982338,-0.227000,-0.022452,0.040000,0.054499,-0.500000,0.422002,0.988771,0.000049,0.000007,-0.149438,-0.053812,0.007369,-0.059314,-1.579441,0.311631,1.550368,0.666595,0.040421,-0.053386,0.007254,-0.058970,-1.578752,0.298531,1.552181,0.673452,0.040000
17,0.300000,0.0000000,0.0000000,0.0000000,-0.1000000,0.0000000,0.0000000,0.0,0.054557,-0.542047,0.626851,0.919838,-0.377563,-0.040832,-0.098363,0.073775,1.084309,0.460589,-5.985136,-0.227791,-0.012770,0.040000,0.054499,-0.500000,0.422002,0.995004,0.000049,0.000005,-0.099833,-0.034791,0.003336,-0.041304,-1.574972,0.212862,1.561195,0.703121,0.040421,-0.034377,0.003241,-0.040899,-1.574302,0.199566,1.562465,0.710182,0.040000
18,0.316667,0.0000000,0.0000000,0.0000000,-0.1000000,0.0000000,0.0000000,0.0,0.054564,-0.521390,0.630046,0.923617,-0.379098,-0.021913,-0.052313,0.065813,1.122826,0.357385,-5.988481,-0.228076,-0.003699,0.040000,0.054499,-0.500000,0.422002,0.998750,0.000049,0.000002,-0.049979,-0.015818,0.000886,-0.022799,-1.572317,0.113396,1.568000,0.740368,0.040421,-0.015408,0.000815,-0.022340,-1.571661,0.099947,1.568699,0.747573,0.040000
19,0.333333,0.0000000,0.0000000,0.0000000,-0.1000000,0.0000000,0.0000000,0.0,0.054571,-0.500511,0.631164,0.925089,-0.379689,-0.002938,-0.006121,0.057351,1.152974,0.251236,-5.992155,-0.227989,0.004932,0.040000,0.054499,-0.500000,0.422002,1.000000,0.000049,-0.000000,-0.000000,0.003096,0.000048,-0.004019,-1.571430,0.013556,1.570678,0.778014,0.040421,0.003514,0.000001,-0.003514,-1.570788,0.000000,1.570789,0.785300,0.040000
20,0.350000,0.0000000,0.0000000,0.0000000,0.0000000,0.1000000,0.0000000,0.0,0.074874,-0.500087,0.630417,0.923278,-0.381810,-0.039496,0.014787,1.101861,0.015942,0.544864,-0.668617,5.012791,-0.331278,0.040000,0.054499,-0.500000,0.422002,0.998750,0.000049,-0.049979,-0.000002,0.003260,0.076297,-0.003673,-1.459106,0.003123,1.451079,0.784072,0.040038,0.003393,0.079947,-0.003610,-1.450722,0.000269,1.430668,0.785105,0.040000
21,0.366667,0.0000000,0.0000000,0.0000000,0.0000000,0.1000000,0.0000000,0.0,0.095719,-0.500076,0.627356,0.920090,-0.381020,-0.084264,0.034008,1.146979,-0.000671,0.487401,-0.082570,5.859736,-0.051710,0.040000,0.054499,-0.500000,0.422002,0.995004,0.000049,-0.099833,-0.000005,0.003071,0.162959,-0.003731,-1.330683,0.002190,1.311661,0.784927,0.040045,0.003211,0.167451,-0.003692,-1.320541,0.000539,1.287991,0.784907,0.040000
22,0.383333,0.0000000,0.0000000,0.0000000,0.0000000,0.1000000,0.0000000,0.0,0.116200,-0.500067,0.622166,0.914762,-0.378857,-0.129870,0.053014,1.150063,-0.000070,0.415117,-0.012803,5.970384,0.001880,0.040000,0.054499,-0.500000,0.422002,0.988771,0.000049,-0.149438,-0.000007,0.002811,0.259467,-0.003791,-1.187349,0.002299,1.165341,0.784922,0.040040,0.002954,0.264851,-0.003753,-1.175456,0.000815,1.140306,0.784711,0.040000
23,0.400000,0.0000000,0.0000000,0.0000000,0.0000000,0.1000000,0.0000000,0.0,0.136142,-0.500060,0.614952,0.907212,-0.375685,-0.175129,0.071801,1.136251,0.000275,0.370363,-0.002708,5.964525,0.011568,0.040000,0.054499,-0.500000,0.422002,0.980067,0.000048,-0.198669,-0.000010,0.002444,0.371186,-0.003819,-1.019082,0.002577,1.009416,0.784790,0.040039,0.002589,0.377927,-0.003779,-1.004429,0.001112,0.982355,0.784524,0.040000
24,0.416667,0.0000000,0.0000000,0.0000000,0.0000000,0.1000000,0.0000000,0.0,0.155598,-0.500058,0.605842,0.897615,-0.371610,-0.219280,0.090052,1.073206,0.000036,0.421246,0.007111,5.875646,0.018749,0.040000,0.054499,-0.500000,0.422002,0.968912,0.000048,-0.247404,-0.000012,0.001833,0.518796,-0.003760,-0.787958,0.003129,0.828095,0.784695,0.040043,0.002011,0.528542,-0.003733,-0.766986,0.001499,0.795525,0.784383,0.040000
25,0.433333,0.0000000,0.0000000,0.0000000,0.0000000,0.1000000,0.0000000,0.0,0.167842,-0.500033,0.590510,0.885841,-0.366610,-0.263000,0.108231,0.584128,-0.001872,0.199428,-0.000366,5.908805,0.019904,0.040000,0.054499,-0.500000,0.422002,0.955336,0.000047,-0.295520,-0.000015,0.000918,0.700199,-0.003175,-0.496843,0.003402,0.620281,0.784852,0.040040,0.001107,0.713833,-0.003231,-0.467292,0.001809,0.582416,0.784515,0.040000
26,0.450000,0.0000000,0.0000000,0.0000000,0.0000000,0.1000000,0.0000000,0.0,0.170453,-0.499995,0.570554,0.870141,-0.360391,-0.310566,0.128533,0.302769,0.005172,-0.826400,-0.071905,6.528939,-0.010791,0.040000,0.054499,-0.500000,0.422002,0.939373,0.000046,-0.342898,-0.000017,0.001015,0.734662,-0.003033,-0.471297,0.001927,0.520384,0.784702,0.040005,0.001027,0.736766,-0.003013,-0.466582,0.001606,0.506689,0.784482,0.040000
27,0.466667,0.0000000,0.0000000,0.0000000,0.0000000,0.1000000,0.0000000,0.0,0.173556,-0.500005,0.549834,0.853459,-0.353540,-0.353760,0.146529,0.338336,0.000278,-1.007630,-0.012629,6.018378,-0.002476,0.040000,0.054499,-0.500000,0.422002,0.921061,0.000045,-0.389418,-0.000019,0.000976,0.759637,-0.002892,-0.468349,0.001493,0.442104,0.784586,0.040000,0.000969,0.760659,-0.002843,-0.466189,0.001416,0.431673,0.784423,0.040000
28,0.483333,0.0000000,0.0000000,0.0000000,0.0000000,0.1000000,0.0000000,0.0,0.176211,-0.500010,0.528824,0.834835,-0.345845,-0.395690,0.163925,0.330344,0.000239,-1.062973,-0.003422,5.960651,-0.001444,0.040000,0.054499,-0.500000,0.422002,0.900447,0.000044,-0.434966,-0.000021,0.000948,0.783735,-0.002788,-0.469254,0.001238,0.367762,0.784474,0.039990,0.000935,0.784592,-0.002727,-0.467552,0.001225,0.357908,0.784323,0.040000
29,0.500000,0.0000000,0.0000000,0.0000000,0.0000000,0.1000000,0.0000000,0.0,0.178252,-0.500015,0.507656,0.814093,-0.337264,-0.436763,0.180949,0.315827,0.000063,-1.090044,-0.001370,5.977233,-0.001011,0.040000,0.054499,-0.500000,0.422002,0.877583,0.000043,-0.479426,-0.000024,0.000806,0.809301,-0.002357,-0.469207,0.000866,0.293660,0.784474,0.039980,0.000772,0.810227,-0.002227,-0.467443,0.000850,0.283821,0.784347,0.040000
30,0.516667,0.0000000,0.0000000,0.0000000,0.0000000,-0.1000000,0.0000000,0.0,0.175130,-0.499988,0.527904,0.831704,-0.344339,-0.402431,0.166578,-0.377891,0.000545,1.086015,0.026017,-5.013716,0.013488,0.040000,0.054499,-0.500000,0.422002,0.900447,0.000044,-0.434966,-0.000021,0.000697,0.785504,-0.002035,-0.466113,0.001077,0.350332,0.784454,0.040007,0.000717,0.784805,-0.002092,-0.467164,0.000941,0.357731,0.784550,0.040000
31,0.533333,0.0000000,0.0000000,0.0000000,0.0000000,-0.1000000,0.0000000,0.0,0.172387,-0.499984,0.548755,0.850289,-0.351994,-0.361555,0.149624,-0.370810,-0.000151,1.062803,0.005024,-5.832877,0.001803,0.040000,0.054499,-0.500000,0.422002,0.921061,0.000045,-0.389418,-0.000019,0.000651,0.760636,-0.001906,-0.466392,0.001143,0.422958,0.784537,0.040005,0.000680,0.759709,-0.001989,-0.467922,0.000989,0.432463,0.784686,0.040000
32,0.550000,0.0000000,0.0000000,0.0000000,0.0000000,-0.1000000,0.0000000,0.0,0.169155,-0.499986,0.569436,0.867023,-0.358930,-0.319337,0.132149,-0.379929,-0.000238,1.033500,-0.000312,-5.898736,-0.001325,0.040000,0.054499,-0.500000,0.422002,0.939373,0.000046,-0.342898,-0.000017,0.000617,0.737197,-0.001808,-0.465907,0.001141,0.497347,0.784632,0.040005,0.000642,0.736318,-0.001880,-0.467401,0.001001,0.507062,0.784789,0.040000
33,0.566667,0.0000000,0.0000000,0.0000000,0.0000000,-0.1000000,0.0000000,0.0,0.165377,-0.499988,0.589752,0.881608,-0.364983,-0.276516,0.114430,-0.387656,-0.000193,0.998355,-0.001365,-5.875557,-0.001744,0.040000,0.054499,-0.500000,0.422002,0.955336,0.000047,-0.295520,-0.000015,0.000596,0.715391,-0.001743,-0.464494,0.001126,0.572054,0.784706,0.040005,0.000616,0.714579,-0.001805,-0.465922,0.001012,0.581794,0.784862,0.040000
34,0.583333,0.0000000,0.0000000,0.0000000,0.0000000,-0.1000000,0.0000000,0.0,0.156991,-0.500028,0.604959,0.894955,-0.370311,-0.230065,0.094845,-0.893146,-0.007305,1.482146,0.046170,-6.271903,0.010392,0.040000,0.054499,-0.500000,0.422002,0.968912,0.000048,-0.247404,-0.000012,0.000024,0.844017,-0.001274,-0.194170,0.002087,0.535206,0.785106,0.040026,0.000223,0.856323,-0.001722,-0.167022,0.001416,0.523345,0.785108,0.040000
35,0.600000,0.0000000,0.0000000,0.0000000,0.0000000,-0.1000000,0.0000000,0.0,0.143769,-0.499986,0.618235,0.904742,-0.374386,-0.187830,0.077446,-0.849874,0.002191,0.939548,0.053143,-4.915256,0.034003,0.040000,0.054499,-0.500000,0.422002,0.980067,0.000048,-0.198669,-0.000010,-0.000057,0.911875,-0.001159,-0.032331,0.002039,0.535019,0.785280,0.040048,0.000017,0.920411,-0.001604,-0.013093,0.001582,0.532222,0.785285,0.040000
36,0.616667,0.0000000,0.0000000,0.0000000,0.0000000,-0.1000000,0.0000000,0.0,0.138245,-0.499754,0.627276,0.910577,-0.375624,-0.159911,0.064683,-0.263799,0.005890,0.410321,0.210006,-3.120209,0.131413,0.040000,0.054499,-0.500000,0.422002,0.988771,0.000049,-0.149438,-0.000007,-0.000109,0.925724,0.000325,0.012926,0.003952,0.566079,0.785587,0.040164,-0.000111,0.958075,-0.001531,0.089334,0.001678,0.565625,0.785397,0.040000
37,0.633333,0.0000000,0.0000000,0.0000000,0.0000000,-0.1000000,0.0000000,0.0,0.132040,-0.499664,0.635088,0.915825,-0.376729,-0.129469,0.050765,-0.256090,-0.002308,0.336534,0.230172,-3.289990,0.125864,0.040000,0.054499,-0.500000,0.422002,0.995004,0.000049,-0.099833,-0.000005,-0.000284,0.947231,0.001703,0.069366,0.006089,0.598878,0.785964,0.040277,-0.000250,1.004058,-0.001493,0.203488,0.001816,0.595887,0.785518,0.040000
38,0.650000,0.0000000,0.0000000,0.0000000,0.0000000,-0.1000000,0.0000000,0.0,0.125831,-0.499680,0.641034,0.919927,-0.377445,-0.099525,0.036920,-0.224685,-0.007514,0.237942,0.242703,-3.193970,0.118386,0.040000,0.054499,-0.500000,0.422002,0.998750,0.000049,-0.049979,-0.000002,-0.000590,0.972340,0.002410,0.127996,0.009175,0.631786,0.786512,0.040397,-0.000541,1.054283,-0.002012,0.321320,0.002689,0.626987,0.785766,0.040000
39,0.666667,0.0000000,0.0000000,0.0000000,0.0000000,-0.1000000,0.0000000,0.0,0.118105,-0.520168,0.647387,0.916473,-0.393526,-0.071391,0.010866,-0.269647,-1.062580,0.173683,1.379228,-3.406126,-1.865882,0.040000,0.054499,-0.500000,0.422002,1.000000,0.000049,-0.000000,-0.000000,-0.055304,0.996968,-0.112523,0.187923,0.183000,0.670231,0.823665,0.040311,-0.052478,1.103476,-0.142105,0.437954,0.205019,0.664992,0.829746,0.040000
40,0.683333,0.0000000,0.0000000,0.0000000,0.0000000,0.0000000,0.1000000,0.0,0.102501,-0.562668,0.669825,0.918704,-0.389563,-0.055536,-0.033756,-0.779628,-2.559715,0.676487,4.660322,-3.256524,-0.250407,0.040000,0.054499,-0.500000,0.422002,0.998748,0.050028,-0.000000,-0.000000,-0.190537,0.949522,-0.501121,0.178805,0.730525,0.718164,0.842163,0.039682,-0.201414,1.062100,-0.579290,0.437117,0.811951,0.713990,0.845090,0.040000
41,0.700000,0.0000000,0.0000000,0.0000000,0.0000000,0.0000000,0.1000000,0.0,0.078183,-0.560319,0.704435,0.935820,-0.345513,-0.013571,-0.068394,-0.959021,-0.140635,1.246576,3.180242,-5.629991,4.553305,0.040000,0.054499,-0.500000,0.422002,0.994999,0.099882,-0.000000,-0.000000,-0.255325,0.867818,-0.971353,0.185211,1.314644,0.801058,0.807899,0.040580,-0.314693,0.967735,-1.058326,0.437325,1.398648,0.810029,0.801768,0.040000
42,0.716667,0.0000000,0.0000000,0.0000000,0.0000000,0.0000000,0.1000000,0.0,0.090696,-0.533628,0.688016,0.957498,-0.280737,-0.025041,-0.061298,1.061786,1.509812,-1.148113,0.128303,1.355325,8.089293,0.040000,0.054499,-0.500000,0.422002,0.988764,0.149487,-0.000000,-0.000000,-0.230543,0.874924,-1.193066,0.200372,1.545880,0.814912,0.721414,0.040711,-0.337017,0.930413,-1.214081,0.437021,1.571679,0.843616,0.705615,0.040000
43,0.733333,0.0000000,0.0000000,0.0000000,0.0000000,0.0000000,0.1000000,0.0,0.102975,-0.527113,0.670194,0.971170,-0.227518,-0.042339,-0.057198,0.805880,0.384356,-1.039808,0.320048,1.720940,6.703532,0.040000,0.054499,-0.500000,0.422002,0.980057,0.198717,-0.000000,-0.000000,-0.218671,0.899076,-1.229603,0.202988,1.579874,0.803698,0.623630,0.040614,-0.336980,0.930477,-1.213820,0.437017,1.571391,0.843560,0.605611,0.040000
44,0.750000,0.0000000,0.0000000,0.0000000,0.0000000,0.0000000,0.1000000,0.0,0.104777,-0.527823,0.667449,0.981158,-0.178577,-0.043433,-0.059609,0.114228,-0.046190,-0.160718,0.506484,-0.335130,5.975115,0.040000,0.054499,-0.500000,0.422002,0.968900,0.247452,-0.000000,-0.000000,-0.219091,0.902819,-1.233006,0.202253,1.585248,0.800461,0.523943,0.040508,-0.336945,0.930548,-1.213531,0.437015,1.571077,0.843498,0.505609,0.040000
45,0.766667,0.0000000,0.0000000,0.0000000,0.0000000,0.0000000,0.1000000,0.0,0.104918,-0.527952,0.667189,0.988841,-0.129214,-0.040857,-0.061871,0.009550,-0.008713,-0.014996,0.416695,-0.746568,5.948587,0.040000,0.054499,-0.500000,0.422002,0.955322,0.295567,-0.000000,-0.000000,-0.219327,0.903187,-1.233057,0.202266,1.585912,0.799983,0.423948,0.040386,-0.336925,0.930592,-1.213351,0.437015,1.570883,0.843459,0.405609,0.040000
46,0.783333,0.0000000,0.0000000,0.0000000,0.0000000,0.0000000,0.1000000,0.0,0.104925,-0.527958,0.667180,0.994064,-0.079536,-0.037725,-0.063934,0.000660,-0.000696,-0.000934,0.401760,-0.799087,5.945010,0.040000,0.054499,-0.500000,0.422002,0.939356,0.342944,-0.000000,-0.000000,-0.219353,0.903232,-1.232870,0.202271,1.585978,0.799995,0.323900,0.040243,-0.336921,0.930627,-1.213215,0.437030,1.570748,0.843432,0.305617,0.040000
47,0.800000,0.0000000,0.0000000,0.0000000,0.0000000,0.0000000,0.1000000,0.0,0.104921,-0.527949,0.667192,0.996795,-0.029646,-0.034443,-0.065836,0.000003,0.000246,0.000222,0.400932,-0.805738,5.946139,0.040000,0.054499,-0.500000,0.422002,0.921042,0.389464,-0.000000,-0.000000,-0.219354,0.903251,-1.232661,0.202275,1.586004,0.800070,0.223835,0.040097,-0.336916,0.930656,-1.213100,0.437040,1.570632,0.843409,0.205622,0.040000
48,0.816667,0.0000000,0.0000000,0.0000000,0.0000000,0.0000000,0.1000000,0.0,0.104917,-0.527941,0.667207,0.997023,0.020325,-0.031070,-0.067573,-0.000044,0.000243,0.000369,0.400509,-0.806692,5.946883,0.040000,0.054499,-0.500000,0.422002,0.900426,0.435010,-0.000000,-0.000000,-0.219339,0.903260,-1.232482,0.202253,1.586053,0.800134,0.123747,0.039720,-0.336889,0.930672,-1.213028,0.437017,1.570536,0.843391,0.105610,0.040000
49,0.833333,0.0000000,0.0000000,0.0000000,0.0000000,0.0000000,0.1000000,0.0,0.104916,-0.527936,0.667216,0.994748,0.070242,-0.027616,-0.069133,0.000120,-0.000033,0.000056,0.399583,-0.806943,5.946182,0.040000,0.054499,-0.500000,0.422002,0.877559,0.479469,-0.000000,-0.000000,-0.219338,0.903275,-1.232324,0.202244,1.586117,0.800192,0.023658,0.038675,-0.336881,0.930687,-1.212964,0.437016,1.570465,0.843377,0.005610,0.040000
50,0.850000,0.0000000,0.0000000,0.0000000,0.0000000,0.0000000,-0.1000000,0.0,0.104909,-0.528011,0.667212,0.996572,0.036398,-0.030030,-0.067944,-0.001525,-0.003637,0.001156,-0.290511,0.551855,-4.031954,0.040000,0.054499,-0.500000,0.422002,0.900426,0.435010,-0.000000,-0.000000,-0.219392,0.903206,-1.232603,0.202193,1.585821,0.799963,0.091180,0.037086,-0.336886,0.930671,-1.213028,0.437014,1.570533,0.843390,0.105609,0.040000
51,0.866667,0.0000000,0.0000000,0.0000000,0.0000000,0.0000000,-0.1000000,0.0,0.104914,-0.528027,0.667201,0.997186,-0.010979,-0.033230,-0.066299,-0.000112,-0.000414,-0.000021,-0.386615,0.759046,-5.638585,0.040000,0.054499,-0.500000,0.422002,0.921042,0.389464,-0.000000,-0.000000,-0.219399,0.903187,-1.232830,0.202203,1.585675,0.799929,0.185969,0.037151,-0.336897,0.930649,-1.213117,0.437014,1.570629,0.843409,0.205609,0.040000
52,0.883333,0.0000000,0.0000000,0.0000000,0.0000000,0.0000000,-0.1000000,0.0,0.104915,-0.528029,0.667191,0.995416,-0.060491,-0.036498,-0.064468,-0.000147,0.000212,0.000013,-0.398411,0.794153,-5.896206,0.040000,0.054499,-0.500000,0.422002,0.939356,0.342944,-0.000000,-0.000000,-0.219396,0.903171,-1.232991,0.202215,1.585594,0.799873,0.285197,0.038068,-0.336902,0.930633,-1.213183,0.437011,1.570699,0.843423,0.305608,0.040000
53,0.900000,0.0000000,0.0000000,0.0000000,0.0000000,0.0000000,-0.1000000,0.0,0.104923,-0.528020,0.667187,0.991151,-0.110183,-0.039710,-0.062477,-0.000050,0.000883,0.000213,-0.400620,0.800721,-5.935157,0.040000,0.054499,-0.500000,0.422002,0.955322,0.295567,-0.000000,-0.000000,-0.219315,0.903141,-1.233141,0.202143,1.585484,0.799772,0.385094,0.039343,-0.336810,0.930599,-1.213268,0.436883,1.570686,0.843427,0.405545,0.040000
54,0.916667,0.0000000,0.0000000,0.0000000,0.0000000,0.0000000,-0.1000000,0.0,0.104917,-0.528022,0.667167,0.984396,-0.159653,-0.042829,-0.060338,-0.000150,-0.000393,-0.000469,-0.400606,0.801289,-5.945485,0.040000,0.054499,-0.500000,0.422002,0.968900,0.247451,-0.000000,-0.000000,-0.219374,0.903152,-1.233193,0.202230,1.585456,0.799662,0.485197,0.040233,-0.336901,0.930616,-1.213249,0.437000,1.570760,0.843436,0.505602,0.040000
55,0.933333,0.0000000,0.0000000,0.0000000,0.0000000,0.0000000,-0.1000000,0.0,0.104920,-0.528030,0.667152,0.975169,-0.208745,-0.045841,-0.058040,-0.000104,-0.000367,-0.000269,-0.400204,0.802611,-5.944797,0.040000,0.054499,-0.500000,0.422002,0.980057,0.198717,-0.000000,-0.000000,-0.219379,0.903144,-1.233293,0.202229,1.585398,0.799534,0.585283,0.040297,-0.336914,0.930611,-1.213273,0.437013,1.570797,0.843443,0.605609,0.040000
56,0.950000,0.0000000,0.0000000,0.0000000,0.0000000,0.0000000,-0.1000000,0.0,0.104932,-0.528030,0.667139,0.963502,-0.257288,-0.048743,-0.055592,0.000202,0.000334,-0.000252,-0.401766,0.802639,-5.941634,0.040000,0.054499,-0.500000,0.422002,0.988764,0.149487,-0.000000,-0.000000,-0.219302,0.903124,-1.233425,0.202140,1.585314,0.799385,0.685299,0.040445,-0.336820,0.930579,-1.213352,0.436885,1.570778,0.843445,0.705545,0.040000
57,0.966667,0.0000000,0.0000000,0.0000000,0.0000000,0.0000000,-0.1000000,0.0,0.104933,-0.528035,0.667108,0.949423,-0.305169,-0.051536,-0.053022,0.000238,-0.000516,-0.001138,-0.397511,0.804529,-5.940170,0.040000,0.054499,-0.500000,0.422002,0.994999,0.099882,-0.000000,-0.000000,-0.219357,0.903149,-1.233451,0.202205,1.585327,0.799222,0.785393,0.040579,-0.336902,0.930595,-1.213329,0.436990,1.570839,0.843452,0.805597,0.040000
58,0.983333,0.0000000,0.0000000,0.0000000,0.0000000,0.0000000,-0.1000000,0.0,0.104944,-0.528039,0.667092,0.932971,-0.352270,-0.054206,-0.050327,0.000270,-0.000127,-0.000548,-0.398233,0.804305,-5.937459,0.040000,0.054499,-0.500000,0.422002,0.998748,0.050028,-0.000000,-0.000000,-0.219303,0.903138,-1.233529,0.202123,1.585322,0.799039,0.885414,0.040708,-0.336836,0.930571,-1.213390,0.436900,1.570830,0.843455,0.905553,0.040000
59,1.000000,0.0000000,0.0000000,0.0000000,0.0000000,0.0000000,-0.1000000,0.0,0.104950,-0.528041,0.667067,0.914191,-0.398468,-0.056742,-0.047514,0.000377,-0.000313,-0.001032,-0.396038,0.804491,-5.935080,0.040000,0.054499,-0.500000,0.422002,1.000000,0.000049,-0.000000,-0.000000,-0.219307,0.903153,-1.233548,0.202117,1.585369,0.798865,0.985458,0.040831,-0.336847,0.930569,-1.213404,0.436912,1.570856,0.843459,1.005559,0.040000
60,1.016667,0.0000000,0.0000000,0.0000000,0.0000000,0.0000000,0.0000000,0.0,0.104965,-0.528029,0.667047,0.910971,-0.405750,-0.057218,-0.047175,0.001366,0.000144,-0.001767,-0.046466,0.132024,-0.948225,0.040000,0.054499,-0.500000,0.422002,1.000000,0.000049,-0.000000,-0.000000,-0.219298,0.903205,-1.233418,0.202098,1.585617,0.798850,1.001675,0.040961,-0.336847,0.930569,-1.213404,0.436912,1.570856,0.843459,1.005559,0.040000
61,1.033333,0.0000000,0.0000000,0.0000000,0.0000000,0.0000000,0.0000000,0.0,0.104960,-0.528030,0.667053,0.910445,-0.406922,-0.057295,-0.047130,-0.000223,-0.000233,0.000221,-0.006290,0.020911,-0.152946,0.040000,0.054499,-0.500000,0.422002,1.000000,0.000049,-0.000000,-0.000000,-0.219310,0.903199,-1.233386,0.202097,1.585680,0.798840,1.004302,0.040972,-0.336847,0.930569,-1.213404,0.436912,1.570856,0.843459,1.005559,0.040000
62,1.050000,0.0000000,0.0000000,0.0000000,0.0000000,0.0000000,0.0000000,0.0,0.104959,-0.528030,0.667054,0.910360,-0.407111,-0.057309,-0.047123,-0.000048,0.000004,0.000047,-0.000971,0.003493,-0.024657,0.040000,0.054499,-0.500000,0.422002,1.000000,0.000049,-0.000000,-0.000000,-0.219311,0.903197,-1.233381,0.202097,1.585693,0.798837,1.004729,0.040975,-0.336847,0.930569,-1.213404,0.436912,1.570856,0.843459,1.005559,0.040000
63,1.066667,0.0000000,0.0000000,0.0000000,0.0000000,0.0000000,0.0000000,0.0,0.104959,-0.528030,0.667054,0.910346,-0.407142,-0.057311,-0.047121,-0.000004,-0.000002,0.000001,-0.000203,0.000603,-0.004007,0.040000,0.054499,-0.500000,0.422002,1.000000,0.000049,-0.000000,-0.000000,-0.219311,0.903197,-1.233381,0.202097,1.585694,0.798836,1.004798,0.040976,-0.336847,0.930569,-1.213404,0.436912,1.570856,0.843459,1.005559,0.040000
64,1.083333,0.0000000,0.0000000,0.0000000,0.0000000,0.0000000,0.0000000,0.0,0.104959,-0.528030,0.667054,0.910344,-0.407146,-0.057312,-0.047121,-0.000002,0.000007,0.000003,0.000004,0.000083,-0.000594,0.040000,0.054499,-0.500000,0.422002,1.000000,0.000049,-0.000000,-0.000000,-0.219311,0.903197,-1.233381,0.202097,1.585696,0.798836,1.004809,0.040976,-0.336847,0.930569,-1.213404,0.436912,1.570856,0.843459,1.005559,0.040000
65,1.100000,0.0000000,0.0000000,0.0000000,0.0000000,0.0000000,0.0000000,0.0,0.104959,-0.528030,0.667054,0.910344,-0.407147,-0.057312,-0.047121,-0.000001,-0.000003,0.000002,0.000003,0.000019,-0.000104,0.040000,0.054499,-0.500000,0.422002,1.000000,0.000049,-0.000000,-0.000000,-0.219311,0.903197,-1.233381,0.202097,1.585696,0.798836,1.004811,0.040976,-0.336847,0.930569,-1.213404,0.436912,1.570856,0.843459,1.005559,0.040000
66,1.116667,0.0000000,0.0000000,0.0000000,0.0000000,0.0000000,0.0000000,0.0,0.104959,-0.528030,0.667054,0.910344,-0.407147,-0.057312,-0.047121,-0.000002,-0.000000,0.000002,0.000017,0.000007,0.000020,0.040000,0.054499,-0.500000,0.422002,1.000000,0.000049,-0.000000,-0.000000,-0.219311,0.903197,-1.233381,0.202097,1.585696,0.798836,1.004811,0.040976,-0.336847,0.930569,-1.213404,0.436912,1.570856,0.843459,1.005559,0.040000
67,1.133333,0.0000000,0.0000000,0.0000000,0.0000000,0.0000000,0.0000000,0.0,0.104959,-0.528030,0.667054,0.910344,-0.407147,-0.057312,-0.047121,-0.000002,-0.000000,0.000002,0.000017,0.000007,0.000020,0.040000,0.054499,-0.500000,0.422002,1.000000,0.000049,-0.000000,-0.000000,-0.219311,0.903197,-1.233381,0.202097,1.585696,0.798836,1.004811,0.040976,-0.336847,0.930569,-1.213404,0.436912,1.570856,0.843459,1.005559,0.040000
68,1.150000,0.0000000,0.0000000,0.0000000,0.0000000,0.0000000,0.0000000,0.0,0.104959,-0.528030,0.667054,0.910344,-0.407147,-0.057312,-0.047121,-0.000002,-0.000000,0.000002,0.000017,0.000007,0.000020,0.040000,0.054499,-0.500000,0.422002,1.000000,0.000049,-0.000000,-0.000000,-0.219311,0.903197,-1.233381,0.202097,1.585696,0.798836,1.004811,0.040976,-0.336847,0.930569,-1.213404,0.436912,1.570856,0.843459,1.005559,0.040000
69,1.166667,0.0000000,0.0000000,0.0000000,0.0000000,0.0000000,0.0000000,0.0,0.104959,-0.528030,0.667054,0.910344,-0.407147,-0.057312,-0.047121,-0.000002,-0.000000,0.000002,0.000017,0.000007,0.000020,0.040000,0.054499,-0.500000,0.422002,1.000000,0.000049,-0.000000,-0.000000,-0.219311,0.903197,-1.233381,0.202097,1.585696,0.798836,1.004811,0.040976,-0.336847,0.930569,-1.213404,0.436912,1.570856,0.843459,1.005559,0.040000
70,1.183333,0.0000000,0.0000000,0.0000000,0.0000000,0.0000000,0.0000000,0.0,0.104959,-0.528030,0.667054,0.910344,-0.407147,-0.057312,-0.047121,-0.000002,-0.000000,0.000002,0.000017,0.000007,0.000020,0.040000,0.054499,-0.500000,0.422002,1.000000,0.000049,-0.000000,-0.000000,-0.219311,0.903197,-1.233381,0.202097,1.585696,0.798836,1.004811,0.040976,-0.336847,0.930569,-1.213404,0.436912,1.570856,0.843459,1.005559,0.040000
71,1.200000,0.0000000,0.0000000,0.0000000,0.0000000,0.0000000,0.0000000,0.0,0.104959,-0.528030,0.667054,0.910344,-0.407147,-0.057312,-0.047121,-0.000002,-0.000000,0.000002,0.000017,0.000007,0.000020,0.040000,0.054499,-0.500000,0.422002,1.000000,0.000049,-0.000000,-0.000000,-0.219311,0.903197,-1.233381,0.202097,1.585696,0.798836,1.004811,0.040976,-0.336847,0.930569,-1.213404,0.436912,1.570856,0.843459,1.005559,0.040000
72,1.216667,0.0000000,0.0000000,0.0000000,0.0000000,0.0000000,0.0000000,0.0,0.104959,-0.528030,0.667054,0.910344,-0.407147,-0.057312,-0.047121,-0.000002,-0.000000,0.000002,0.000017,0.000007,0.000020,0.040000,0.054499,-0.500000,0.422002,1.000000,0.000049,-0.000000,-0.000000,-0.219311,0.903197,-1.233381,0.202097,1.585696,0.798836,1.004811,0.040976,-0.336847,0.930569,-1.213404,0.436912,1.570856,0.843459,1.005559,0.040000
73,1.233333,0.0000000,0.0000000,0.0000000,0.0000000,0.0000000,0.0000000,0.0,0.104959,-0.528030,0.667054,0.910344,-0.407147,-0.057312,-0.047121,-0.000002,-0.000000,0.000002,0.000017,0.000007,0.000020,0.040000,0.054499,-0.500000,0.422002,1.000000,0.000049,-0.000000,-0.000000,-0.219311,0.903197,-1.233381,0.202097,1.585696,0.798836,1.004811,0.040976,-0.336847,0.930569,-1.213404,0.436912,1.570856,0.843459,1.005559,0.040000
74,1.250000,0.0000000,0.0000000,0.0000000,0.0000000,0.0000000,0.0000000,0.0,0.104959,-0.528030,0.667054,0.910344,-0.407147,-0.057312,-0.047121,-0.000002,-0.000000,0.000002,0.000017,0.000007,0.000020,0.040000,0.054499,-0.500000,0.422002,1.000000,0.000049,-0.000000,-0.000000,-0.219311,0.903197,-1.233381,0.202097,1.585696,0.798836,1.004811,0.040976,-0.336847,0.930569,-1.213404,0.436912,1.570856,0.843459,1.005559,0.040000
75,1.266667,0.0000000,0.0000000,0.0000000,0.0000000,0.0000000,0.0000000,0.0,0.104959,-0.528030,0.667054,0.910344,-0.407147,-0.057312,-0.047121,-0.000002,-0.000000,0.000002,0.000017,0.000007,0.000020,0.040000,0.054499,-0.500000,0.422002,1.000000,0.000049,-0.000000,-0.000000,-0.219311,0.903197,-1.233381,0.202097,1.585696,0.798836,1.004811,0.040976,-0.336847,0.930569,-1.213404,0.436912,1.570856,0.843459,1.005559,0.040000
76,1.283333,0.0000000,0.0000000,0.0000000,0.0000000,0.0000000,0.0000000,0.0,0.104959,-0.528030,0.667054,0.910344,-0.407147,-0.057312,-0.047121,-0.000002,-0.000000,0.000002,0.000017,0.000007,0.000020,0.040000,0.054499,-0.500000,0.422002,1.000000,0.000049,-0.000000,-0.000000,-0.219311,0.903197,-1.233381,0.202097,1.585696,0.798836,1.004811,0.040976,-0.336847,0.930569,-1.213404,0.436912,1.570856,0.843459,1.005559,0.040000
77,1.300000,0.0000000,0.0000000,0.0000000,0.0000000,0.0000000,0.0000000,0.0,0.104959,-0.528030,0.667054,0.910344,-0.407147,-0.057312,-0.047121,-0.000002,-0.000000,0.000002,0.000017,0.000007,0.000020,0.040000,0.054499,-0.500000,0.422002,1.000000,0.000049,-0.000000,-0.000000,-0.219311,0.903197,-1.233381,0.202097,1.585696,0.798836,1.004811,0.040976,-0.336847,0.930569,-1.213404,0.436912,1.570856,0.843459,1.005559,0.040000
78,1.316667,0.0000000,0.0000000,0.0000000,0.0000000,0.0000000,0.0000000,0.0,0.104959,-0.528030,0.667054,0.910344,-0.407147,-0.057312,-0.047121,-0.000002,-0.000000,0.000002,0.000017,0.000007,0.000020,0.040000,0.054499,-0.500000,0.422002,1.000000,0.000049,-0.000000,-0.000000,-0.219311,0.903197,-1.233381,0.202097,1.585696,0.798836,1.004811,0.040976,-0.336847,0.930569,-1.213404,0.436912,1.570856,0.843459,1.005559,0.040000
79,1.333333,0.0000000,0.0000000,0.0000000,0.0000000,0.0000000,0.0000000,0.0,0.104959,-0.528030,0.667054,0.910344,-0.407147,-0.057312,-0.047121,-0.000002,-0.000000,0.000002,0.000017,0.000007,0.000020,0.040000,0.054499,-0.500000,0.422002,1.000000,0.000049,-0.000000,-0.000000,-0.219311,0.903197,-1.233381,0.202097,1.585696,0.798836,1.004811,0.040976,-0.336847,0.930569,-1.213404,0.436912,1.570856,0.843459,1.005559,0.040000
80,1.350000,0.0000000,0.0000000,0.0000000,0.0000000,0.0000000,0.0000000,0.0,0.104959,-0.528030,0.667054,0.910344,-0.407147,-0.057312,-0.047121,-0.000002,-0.000000,0.000002,0.000017,0.000007,0.000020,0.040000,0.054499,-0.500000,0.422002,1.000000,0.000049,-0.000000,-0.000000,-0.219311,0.903197,-1.233381,0.202097,1.585696,0.798836,1.004811,0.040976,-0.336847,0.930569,-1.213404,0.436912,1.570856,0.843459,1.005559,0.040000
81,1.366667,0.0000000,0.0000000,0.0000000,0.0000000,0.0000000,0.0000000,0.0,0.104959,-0.528030,0.667054,0.910344,-0.407147,-0.057312,-0.047121,-0.000002,-0.000000,0.000002,0.000017,0.000007,0.000020,0.040000,0.054499,-0.500000,0.422002,1.000000,0.000049,-0.000000,-0.000000,-0.219311,0.903197,-1.233381,0.202097,1.585696,0.798836,1.004811,0.040976,-0.336847,0.930569,-1.213404,0.436912,1.570856,0.843459,1.005559,0.040000
82,1.383333,0.0000000,0.0000000,0.0000000,0.0000000,0.0000000,0.0000000,0.0,0.104959,-0.528030,0.667054,0.910344,-0.407147,-0.057312,-0.047121,-0.000002,-0.000000,0.000002,0.000017,0.000007,0.000020,0.040000,0.054499,-0.500000,0.422002,1.000000,0.000049,-0.000000,-0.000000,-0.219311,0.903197,-1.233381,0.202097,1.585696,0.798836,1.004811,0.040976,-0.336847,0.930569,-1.213404,0.436912,1.570856,0.843459,1.005559,0.040000
83,1.400000,0.0000000,0.0000000,0.0000000,0.0000000,0.0000000,0.0000000,0.0,0.104959,-0.528030,0.667054,0.910344,-0.407147,-0.057312,-0.047121,-0.000002,-0.000000,0.000002,0.000017,0.000007,0.000020,0.040000,0.054499,-0.500000,0.422002,1.000000,0.000049,-0.000000,-0.000000,-0.219311,0.903197,-1.233381,0.202097,1.585696,0.798836,1.004811,0.040976,-0.336847,0.930569,-1.213404,0.436912,1.570856,0.843459,1.005559,0.040000
84,1.416667,0.0000000,0.0000000,0.0000000,0.0000000,0.0000000,0.0000000,0.0,0.104959,-0.528030,0.667054,0.910344,-0.407147,-0.057312,-0.047121,-0.000002,-0.000000,0.000002,0.000017,0.000007,0.000020,0.040000,0.054499,-0.500000,0.422002,1.000000,0.000049,-0.000000,-0.000000,-0.219311,0.903197,-1.233381,0.202097,1.585696,0.798836,1.004811,0.040976,-0.336847,0.930569,-1.213404,0.436912,1.570856,0.843459,1.005559,0.040000
85,1.433333,0.0000000,0.0000000,0.0000000,0.0000000,0.0000000,0.0000000,0.0,0.104959,-0.528030,0.667054,0.910344,-0.407147,-0.057312,-0.047121,-0.000002,-0.000000,0.000002,0.000017,0.000007,0.000020,0.040000,0.054499,-0.500000,0.422002,1.000000,0.000049,-0.000000,-0.000000,-0.219311,0.903197,-1.233381,0.202097,1.585696,0.798836,1.004811,0.040976,-0.336847,0.930569,-1.213404,0.436912,1.570856,0.843459,1.005559,0.040000
86,1.450000,0.0000000,0.0000000,0.0000000,0.0000000,0.0000000,0.0000000,0.0,0.104959,-0.528030,0.667054,0.910344,-0.407147,-0.057312,-0.047121,-0.000002,-0.000000,0.000002,0.000017,0.000007,0.000020,0.040000,0.054499,-0.500000,0.422002,1.000000,0.000049,-0.000000,-0.000000,-0.219311,0.903197,-1.233381,0.202097,1.585696,0.798836,1.004811,0.040976,-0.336847,0.930569,-1.213404,0.436912,1.570856,0.843459,1.005559,0.040000
87,1.466667,0.0000000,0.0000000,0.0000000,0.0000000,0.0000000,0.0000000,0.0,0.104959,-0.528030,0.667054,0.910344,-0.407147,-0.057312,-0.047121,-0.000002,-0.000000,0.000002,0.000017,0.000007,0.000020,0.040000,0.054499,-0.500000,0.422002,1.000000,0.000049,-0.000000,-0.000000,-0.219311,0.903197,-1.233381,0.202097,1.585696,0.798836,1.004811,0.040976,-0.336847,0.930569,-1.213404,0.436912,1.570856,0.843459,1.005559,0.040000
88,1.483333,0.0000000,0.0000000,0.0000000,0.0000000,0.0000000,0.0000000,0.0,0.104959,-0.528030,0.667054,0.910344,-0.407147,-0.057312,-0.047121,-0.000002,-0.000000,0.000002,0.000017,0.000007,0.000020,0.040000,0.054499,-0.500000,0.422002,1.000000,0.000049,-0.000000,-0.000000,-0.219311,0.903197,-1.233381,0.202097,1.585696,0.798836,1.004811,0.040976,-0.336847,0.930569,-1.213404,0.436912,1.570856,0.843459,1.005559,0.040000
89,1.500000,0.0000000,0.0000000,0.0000000,0.0000000,0.0000000,0.0000000,0.0,0.104959,-0.528030,0.667054,0.910344,-0.407147,-0.057312,-0.047121,-0.000002,-0.000000,0.000002,0.000017,0.000007,0.000020,0.040000,0.054499,-0.500000,0.422002,1.000000,0.000049,-0.000000,-0.000000,-0.219311,0.903197,-1.233381,0.202097,1.585696,0.798836,1.004811,0.040976,-0.336847,0.930569,-1.213404,0.436912,1.570856,0.843459,1.005559,0.040000
90,1.516667,0.0000000,0.0000000,0.0000000,0.0000000,0.0000000,0.0000000,0.0,0.104959,-0.528030,0.667054,0.910344,-0.407147,-0.057312,-0.047121,-0.000002,-0.000000,0.000002,0.000017,0.000007,0.000020,0.040000,0.054499,-0.500000,0.422002,1.000000,0.000049,-0.000000,-0.000000,-0.219311,0.903197,-1.233381,0.202097,1.585696,0.798836,1.004811,0.040976,-0.336847,0.930569,-1.213404,0.436912,1.570856,0.843459,1.005559,0.040000
91,1.533333,0.0000000,0.0000000,0.0000000,0.0000000,0.0000000,0.0000000,0.0,0.104959,-0.528030,0.667054,0.910344,-0.407147,-0.057312,-0.047121,-0.000002,-0.000000,0.000002,0.000017,0.000007,0.000020,0.040000,0.054499,-0.500000,0.422002,1.000000,0.000049,-0.000000,-0.000000,-0.219311,0.903197,-1.233381,0.202097,1.585696,0.798836,1.004811,0.040976,-0.336847,0.930569,-1.213404,0.436912,1.570856,0.843459,1.005559,0.040000
92,1.550000,0.0000000,0.0000000,0.0000000,0.0000000,0.0000000,0.0000000,0.0,0.104959,-0.528030,0.667054,0.910344,-0.407147,-0.057312,-0.047121,-0.000002,-0.000000,0.000002,0.000017,0.000007,0.000020,0.040000,0.054499,-0.500000,0.422002,1.000000,0.000049,-0.000000,-0.000000,-0.219311,0.903197,-1.233381,0.202097,1.585696,0.798836,1.004811,0.040976,-0.336847,0.930569,-1.213404,0.436912,1.570856,0.843459,1.005559,0.040000
93,1.566667,0.0000000,0.0000000,0.0000000,0.0000000,0.0000000,0.0000000,0.0,0.104959,-0.528030,0.667054,0.910344,-0.407147,-0.057312,-0.047121,-0.000002,-0.000000,0.000002,0.000017,0.000007,0.000020,0.040000,0.054499,-0.500000,0.422002,1.000000,0.000049,-0.000000,-0.000000,-0.219311,0.903197,-1.233381,0.202097,1.585696,0.798836,1.004811,0.040976,-0.336847,0.930569,-1.213404,0.436912,1.570856,0.843459,1.005559,0.040000
94,1.583333,0.0000000,0.0000000,0.0000000,0.0000000,0.0000000,0.0000000,0.0,0.104959,-0.528030,0.667054,0.910344,-0.407147,-0.057312,-0.047121,-0.000002,-0.000000,0.000002,0.000017,0.000007,0.000020,0.040000,0.054499,-0.500000,0.422002,1.000000,0.000049,-0.000000,-0.000000,-0.219311,0.903197,-1.233381,0.202097,1.585696,0.798836,1.004811,0.040976,-0.336847,0.930569,-1.213404,0.436912,1.570856,0.843459,1.005559,0.040000
95,1.600000,0.0000000,0.0000000,0.0000000,0.0000000,0.0000000,0.0000000,0.0,0.104959,-0.528030,0.667054,0.910344,-0.407147,-0.057312,-0.047121,-0.000002,-0.000000,0.000002,0.000017,0.000007,0.000020,0.040000,0.054499,-0.500000,0.422002,1.000000,0.000049,-0.000000,-0.000000,-0.219311,0.903197,-1.233381,0.202097,1.585696,0.798836,1.004811,0.040976,-0.336847,0.930569,-1.213404,0.436912,1.570856,0.843459,1.005559,0.040000
96,1.616667,0.0000000,0.0000000,0.0000000,0.0000000,0.0000000,0.0000000,0.0,0.104959,-0.528030,0.667054,0.910344,-0.407147,-0.057312,-0.047121,-0.000002,-0.000000,0.000002,0.000017,0.000007,0.000020,0.040000,0.054499,-0.500000,0.422002,1.000000,0.000049,-0.000000,-0.000000,-0.219311,0.903197,-1.233381,0.202097,1.585696,0.798836,1.004811,0.040976,-0.336847,0.930569,-1.213404,0.436912,1.570856,0.843459,1.005559,0.040000
97,1.633333,0.0000000,0.0000000,0.0000000,0.0000000,0.0000000,0.0000000,0.0,0.104959,-0.528030,0.667054,0.910344,-0.407147,-0.057312,-0.047121,-0.000002,-0.000000,0.000002,0.000017,0.000007,0.000020,0.040000,0.054499,-0.500000,0.422002,1.000000,0.000049,-0.000000,-0.000000,-0.219311,0.903197,-1.233381,0.202097,1.585696,0.798836,1.004811,0.040976,-0.336847,0.930569,-1.213404,0.436912,1.570856,0.843459,1.005559,0.040000
98,1.650000,0.0000000,0.0000000,0.0000000,0.0000000,0.0000000,0.0000000,0.0,0.104959,-0.528030,0.667054,0.910344,-0.407147,-0.057312,-0.047121,-0.000002,-0.000000,0.000002,0.000017,0.000007,0.000020,0.040000,0.054499,-0.500000,0.422002,1.000000,0.000049,-0.000000,-0.000000,-0.219311,0.903197,-1.233381,0.202097,1.585696,0.798836,1.004811,0.040976,-0.336847,0.930569,-1.213404,0.436912,1.570856,0.843459,1.005559,0.040000
99,1.666667,0.0000000,0.0000000,0.0000000,0.0000000,0.0000000,0.0000000,0.0,0.104959,-0.528030,0.667054,0.910344,-0.407147,-0.057312,-0.047121,-0.000002,-0.000000,0.000002,0.000017,0.000007,0.000020,0.040000,0.054499,-0.500000,0.422002,1.000000,0.000049,-0.000000,-0.000000,-0.219311,0.903197,-1.233381,0.202097,1.585696,0.798836,1.004811,0.040976,-0.336847,0.930569,-1.213404,0.436912,1.570856,0.843459,1.005559,0.040000
100,1.683333,0.0000000,0.0000000,0.0000000,0.0000000,0.0000000,0.0000000,0.0,0.104959,-0.528030,0.667054,0.910344,-0.407147,-0.057312,-0.047121,-0.000002,-0.000000,0.000002,0.000017,0.000007,0.000020,0.040000,0.054499,-0.500000,0.422002,1.000000,0.000049,-0.000000,-0.000000,-0.219311,0.903197,-1.233381,0.202097,1.585696,0.798836,1.004811,0.040976,-0.336847,0.930569,-1.213404,0.436912,1.570856,0.843459,1.005559,0.040000
101,1.700000,0.0000000,0.0000000,0.0000000,0.0000000,0.0000000,0.0000000,0.0,0.104959,-0.528030,0.667054,0.910344,-0.407147,-0.057312,-0.047121,-0.000002,-0.000000,0.000002,0.000017,0.000007,0.000020,0.040000,0.054499,-0.500000,0.422002,1.000000,0.000049,-0.000000,-0.000000,-0.219311,0.903197,-1.233381,0.202097,1.585696,0.798836,1.004811,0.040976,-0.336847,0.930569,-1.213404,0.436912,1.570856,0.843459,1.005559,0.040000
102,1.716667,0.0000000,0.0000000,0.0000000,0.0000000,0.0000000,0.0000000,0.0,0.104959,-0.528030,0.667054,0.910344,-0.407147,-0.057312,-0.047121,-0.000002,-0.000000,0.000002,0.000017,0.000007,0.000020,0.040000,0.054499,-0.500000,0.422002,1.000000,0.000049,-0.000000,-0.000000,-0.219311,0.903197,-1.233381,0.202097,1.585696,0.798836,1.004811,0.040976,-0.336847,0.930569,-1.213404,0.436912,1.570856,0.843459,1.005559,0.040000
103,1.733333,0.0000000,0.0000000,0.0000000,0.0000000,0.0000000,0.0000000,0.0,0.104959,-0.528030,0.667054,0.910344,-0.407147,-0.057312,-0.047121,-0.000002,-0.000000,0.000002,0.000017,0.000007,0.000020,0.040000,0.054499,-0.500000,0.422002,1.000000,0.000049,-0.000000,-0.000000,-0.219311,0.903197,-1.233381,0.202097,1.585696,0.798836,1.004811,0.040976,-0.336847,0.930569,-1.213404,0.436912,1.570856,0.843459,1.005559,0.040000
104,1.750000,0.0000000,0.0000000,0.0000000,0.0000000,0.0000000,0.0000000,0.0,0.104959,-0.528030,0.667054,0.910344,-0.407147,-0.057312,-0.047121,-0.000002,-0.000000,0.000002,0.000017,0.000007,0.000020,0.040000,0.054499,-0.500000,0.422002,1.000000,0.000049,-0.000000,-0.000000,-0.219311,0.903197,-1.233381,0.202097,1.585696,0.798836,1.004811,0.040976,-0.336847,0.930569,-1.213404,0.436912,1.570856,0.843459,1.005559,0.040000
105,1.766667,0.0000000,0.0000000,0.0000000,0.0000000,0.0000000,0.0000000,0.0,0.104959,-0.528030,0.667054,0.910344,-0.407147,-0.057312,-0.047121,-0.000002,-0.000000,0.000002,0.000017,0.000007,0.000020,0.040000,0.054499,-0.500000,0.422002,1.000000,0.000049,-0.000000,-0.000000,-0.219311,0.903197,-1.233381,0.202097,1.585696,0.798836,1.004811,0.040976,-0.336847,0.930569,-1.213404,0.436912,1.570856,0.843459,1.005559,0.040000
106,1.783333,0.0000000,0.0000000,0.0000000,0.0000000,0.0000000,0.0000000,0.0,0.104959,-0.528030,0.667054,0.910344,-0.407147,-0.057312,-0.047121,-0.000002,-0.000000,0.000002,0.000017,0.000007,0.000020,0.040000,0.054499,-0.500000,0.422002,1.000000,0.000049,-0.000000,-0.000000,-0.219311,0.903197,-1.233381,0.202097,1.585696,0.798836,1.004811,0.040976,-0.336847,0.930569,-1.213404,0.436912,1.570856,0.843459,1.005559,0.040000
107,1.800000,0.0000000,0.0000000,0.0000000,0.0000000,0.0000000,0.0000000,0.0,0.104959,-0.528030,0.667054,0.910344,-0.407147,-0.057312,-0.047121,-0.000002,-0.000000,0.000002,0.000017,0.000007,0.000020,0.040000,0.054499,-0.500000,0.422002,1.000000,0.000049,-0.000000,-0.000000,-0.219311,0.903197,-1.233381,0.202097,1.585696,0.798836,1.004811,0.040976,-0.336847,0.930569,-1.213404,0.436912,1.570856,0.843459,1.005559,0.040000
108,1.816667,0.0000000,0.0000000,0.0000000,0.0000000,0.0000000,0.0000000,0.0,0.104959,-0.528030,0.667054,0.910344,-0.407147,-0.057312,-0.047121,-0.000002,-0.000000,0.000002,0.000017,0.000007,0.000020,0.040000,0.054499,-0.500000,0.422002,1.000000,0.000049,-0.000000,-0.000000,-0.219311,0.903197,-1.233381,0.202097,1.585696,0.798836,1.004811,0.040976,-0.336847,0.930569,-1.213404,0.436912,1.570856,0.843459,1.005559,0.040000
109,1.833333,0.0000000,0.0000000,0.0000000,0.0000000,0.0000000,0.0000000,0.0,0.104959,-0.528030,0.667054,0.910344,-0.407147,-0.057312,-0.047121,-0.000002,-0.000000,0.000002,0.000017,0.000007,0.000020,0.040000,0.054499,-0.500000,0.422002,1.000000,0.000049,-0.000000,-0.000000,-0.219311,0.903197,-1.233381,0.202097,1.585696,0.798836,1.004811,0.040976,-0.336847,0.930569,-1.213404,0.436912,1.570856,0.843459,1.005559,0.040000
110,1.850000,0.0000000,0.0000000,0.0000000,0.0000000,0.0000000,0.0000000,0.0,0.104959,-0.528030,0.667054,0.910344,-0.407147,-0.057312,-0.047121,-0.000002,-0.000000,0.000002,0.000017,0.000007,0.000020,0.040000,0.054499,-0.500000,0.422002,1.000000,0.000049,-0.000000,-0.000000,-0.219311,0.903197,-1.233381,0.202097,1.585696,0.798836,1.004811,0.040976,-0.336847,0.930569,-1.213404,0.436912,1.570856,0.843459,1.005559,0.040000
111,1.866667,0.0000000,0.0000000,0.0000000,0.0000000,0.0000000,0.0000000,0.0,0.104959,-0.528030,0.667054,0.910344,-0.407147,-0.057312,-0.047121,-0.000002,-0.000000,0.000002,0.000017,0.000007,0.000020,0.040000,0.054499,-0.500000,0.422002,1.000000,0.000049,-0.000000,-0.000000,-0.219311,0.903197,-1.233381,0.202097,1.585696,0.798836,1.004811,0.040976,-0.336847,0.930569,-1.213404,0.436912,1.570856,0.843459,1.005559,0.040000
112,1.883333,0.0000000,0.0000000,0.0000000,0.0000000,0.0000000,0.0000000,0.0,0.104959,-0.528030,0.667054,0.910344,-0.407147,-0.057312,-0.047121,-0.000002,-0.000000,0.000002,0.000017,0.000007,0.000020,0.040000,0.054499,-0.500000,0.422002,1.000000,0.000049,-0.000000,-0.000000,-0.219311,0.903197,-1.233381,0.202097,1.585696,0.798836,1.004811,0.040976,-0.336847,0.930569,-1.213404,0.436912,1.570856,0.843459,1.005559,0.040000
113,1.900000,0.0000000,0.0000000,0.0000000,0.0000000,0.0000000,0.0000000,0.0,0.104959,-0.528030,0.667054,0.910344,-0.407147,-0.057312,-0.047121,-0.000002,-0.000000,0.000002,0.000017,0.000007,0.000020,0.040000,0.054499,-0.500000,0.422002,1.000000,0.000049,-0.000000,-0.000000,-0.219311,0.903197,-1.233381,0.202097,1.585696,0.798836,1.004811,0.040976,-0.336847,0.930569,-1.213404,0.436912,1.570856,0.843459,1.005559,0.040000
114,1.916667,0.0000000,0.0000000,0.0000000,0.0000000,0.0000000,0.0000000,0.0,0.104959,-0.528030,0.667054,0.910344,-0.407147,-0.057312,-0.047121,-0.000002,-0.000000,0.000002,0.000017,0.000007,0.000020,0.040000,0.054499,-0.500000,0.422002,1.000000,0.000049,-0.000000,-0.000000,-0.219311,0.903197,-1.233381,0.202097,1.585696,0.798836,1.004811,0.040976,-0.336847,0.930569,-1.213404,0.436912,1.570856,0.843459,1.005559,0.040000
115,1.933333,0.0000000,0.0000000,0.0000000,0.0000000,0.0000000,0.0000000,0.0,0.104959,-0.528030,0.667054,0.910344,-0.407147,-0.057312,-0.047121,-0.000002,-0.000000,0.000002,0.000017,0.000007,0.000020,0.040000,0.054499,-0.500000,0.422002,1.000000,0.000049,-0.000000,-0.000000,-0.219311,0.903197,-1.233381,0.202097,1.585696,0.798836,1.004811,0.040976,-0.336847,0.930569,-1.213404,0.436912,1.570856,0.843459,1.005559,0.040000
116,1.950000,0.0000000,0.0000000,0.0000000,0.0000000,0.0000000,0.0000000,0.0,0.104959,-0.528030,0.667054,0.910344,-0.407147,-0.057312,-0.047121,-0.000002,-0.000000,0.000002,0.000017,0.000007,0.000020,0.040000,0.054499,-0.500000,0.422002,1.000000,0.000049,-0.000000,-0.000000,-0.219311,0.903197,-1.233381,0.202097,1.585696,0.798836,1.004811,0.040976,-0.336847,0.930569,-1.213404,0.436912,1.570856,0.843459,1.005559,0.040000
117,1.966667,0.0000000,0.0000000,0.0000000,0.0000000,0.0000000,0.0000000,0.0,0.104959,-0.528030,0.667054,0.910344,-0.407147,-0.057312,-0.047121,-0.000002,-0.000000,0.000002,0.000017,0.000007,0.000020,0.040000,0.054499,-0.500000,0.422002,1.000000,0.000049,-0.000000,-0.000000,-0.219311,0.903197,-1.233381,0.202097,1.585696,0.798836,1.004811,0.040976,-0.336847,0.930569,-1.213404,0.436912,1.570856,0.843459,1.005559,0.040000
118,1.983333,0.0000000,0.0000000,0.0000000,0.0000000,0.0000000,0.0000000,0.0,0.104959,-0.528030,0.667054,0.910344,-0.407147,-0.057312,-0.047121,-0.000002,-0.000000,0.000002,0.000017,0.000007,0.000020,0.040000,0.054499,-0.500000,0.422002,1.000000,0.000049,-0.000000,-0.000000,-0.219311,0.903197,-1.233381,0.202097,1.585696,0.798836,1.004811,0.040976,-0.336847,0.930569,-1.213404,0.436912,1.570856,0.843459,1.005559,0.040000
119,2.000000,0.0000000,0.0000000,0.0000000,0.0000000,0.0000000,0.0000000,0.0,0.104959,-0.528030,0.667054,0.910344,-0.407147,-0.057312,-0.047121,-0.000002,-0.000000,0.000002,0.000017,0.000007,0.000020,0.040000,0.054499,-0.500000,0.422002,1.000000,0.000049,-0.000000,-0.000000,-0.219311,0.903197,-1.233381,0.202097,1.585696,0.798836,1.004811,0.040976,-0.336847,0.930569,-1.213404,0.436912,1.570856,0.843459,1.005559,0.040000
120,2.016667,0.0000000,0.0000000,0.0000000,0.0000000,0.0000000,0.0000000,0.0,0.104959,-0.528030,0.667054,0.910344,-0.407147,-0.057312,-0.047121,-0.000002,-0.000000,0.000002,0.000017,0.000007,0.000020,0.040000,0.054499,-0.500000,0.422002,1.000000,0.000049,-0.000000,-0.000000,-0.219311,0.903197,-1.233381,0.202097,1.585696,0.798836,1.004811,0.040976,-0.336847,0.930569,-1.213404,0.436912,1.570856,0.843459,1.005559,0.040000
121,2.033333,0.0000000,0.0000000,0.0000000,0.0000000,0.0000000,0.0000000,0.0,0.104959,-0.528030,0.667054,0.910344,-0.407147,-0.057312,-0.047121,-0.000002,-0.000000,0.000002,0.000017,0.000007,0.000020,0.040000,0.054499,-0.500000,0.422002,1.000000,0.000049,-0.000000,-0.000000,-0.219311,0.903197,-1.233381,0.202097,1.585696,0.798836,1.004811,0.040976,-0.336847,0.930569,-1.213404,0.436912,1.570856,0.843459,1.005559,0.040000
122,2.050000,0.0000000,0.0000000,0.0000000,0.0000000,0.0000000,0.0000000,0.0,0.104959,-0.528030,0.667054,0.910344,-0.407147,-0.057312,-0.047121,-0.000002,-0.000000,0.000002,0.000017,0.000007,0.000020,0.040000,0.054499,-0.500000,0.422002,1.000000,0.000049,-0.000000,-0.000000,-0.219311,0.903197,-1.233381,0.202097,1.585696,0.798836,1.004811,0.040976,-0.336847,0.930569,-1.213404,0.436912,1.570856,0.843459,1.005559,0.040000
123,2.066667,0.0000000,0.0000000,0.0000000,0.0000000,0.0000000,0.0000000,0.0,0.104959,-0.528030,0.667054,0.910344,-0.407147,-0.057312,-0.047121,-0.000002,-0.000000,0.000002,0.000017,0.000007,0.000020,0.040000,0.054499,-0.500000,0.422002,1.000000,0.000049,-0.000000,-0.000000,-0.219311,0.903197,-1.233381,0.202097,1.585696,0.798836,1.004811,0.040976,-0.336847,0.930569,-1.213404,0.436912,1.570856,0.843459,1.005559,0.040000
124,2.083333,0.0000000,0.0000000,0.0000000,0.0000000,0.0000000,0.0000000,0.0,0.104959,-0.528030,0.667054,0.910344,-0.407147,-0.057312,-0.047121,-0.000002,-0.000000,0.000002,0.000017,0.000007,0.000020,0.040000,0.054499,-0.500000,0.422002,1.000000,0.000049,-0.000000,-0.000000,-0.219311,0.903197,-1.233381,0.202097,1.585696,0.798836,1.004811,0.040976,-0.336847,0.930569,-1.213404,0.436912,1.570856,0.843459,1.005559,0.040000
125,2.100000,0.0000000,0.0000000,0.0000000,0.0000000,0.0000000,0.0000000,0.0,0.104959,-0.528030,0.667054,0.910344,-0.407147,-0.057312,-0.047121,-0.000002,-0.000000,0.000002,0.000017,0.000007,0.000020,0.040000,0.054499,-0.500000,0.422002,1.000000,0.000049,-0.000000,-0.000000,-0.219311,0.903197,-1.233381,0.202097,1.585696,0.798836,1.004811,0.040976,-0.336847,0.930569,-1.213404,0.436912,1.570856,0.843459,1.005559,0.040000
126,2.116667,0.0000000,0.0000000,0.0000000,0.0000000,0.0000000,0.0000000,0.0,0.104959,-0.528030,0.667054,0.910344,-0.407147,-0.057312,-0.047121,-0.000002,-0.000000,0.000002,0.000017,0.000007,0.000020,0.040000,0.054499,-0.500000,0.422002,1.000000,0.000049,-0.000000,-0.000000,-0.219311,0.903197,-1.233381,0.202097,1.585696,0.798836,1.004811,0.040976,-0.336847,0.930569,-1.213404,0.436912,1.570856,0.843459,1.005559,0.040000
127,2.133333,0.0000000,0.0000000,0.0000000,0.0000000,0.0000000,0.0000000,0.0,0.104959,-0.528030,0.667054,0.910344,-0.407147,-0.057312,-0.047121,-0.000002,-0.000000,0.000002,0.000017,0.000007,0.000020,0.040000,0.054499,-0.500000,0.422002,1.000000,0.000049,-0.000000,-0.000000,-0.219311,0.903197,-1.233381,0.202097,1.585696,0.798836,1.004811,0.040976,-0.336847,0.930569,-1.213404,0.436912,1.570856,0.843459,1.005559,0.040000
128,2.150000,0.0000000,0.0000000,0.0000000,0.0000000,0.0000000,0.0000000,0.0,0.104959,-0.528030,0.667054,0.910344,-0.407147,-0.057312,-0.047121,-0.000002,-0.000000,0.000002,0.000017,0.000007,0.000020,0.040000,0.054499,-0.500000,0.422002,1.000000,0.000049,-0.000000,-0.000000,-0.219311,0.903197,-1.233381,0.202097,1.585696,0.798836,1.004811,0.040976,-0.336847,0.930569,-1.213404,0.436912,1.570856,0.843459,1.005559,0.040000
129,2.166667,0.0000000,0.0000000,0.0000000,0.0000000,0.0000000,0.0000000,0.0,0.104959,-0.528030,0.667054,0.910344,-0.407147,-0.057312,-0.047121,-0.000002,-0.000000,0.000002,0.000017,0.000007,0.000020,0.040000,0.054499,-0.500000,0.422002,1.000000,0.000049,-0.000000,-0.000000,-0.219311,0.903197,-1.233381,0.202097,1.585696,0.798836,1.004811,0.040976,-0.336847,0.930569,-1.213404,0.436912,1.570856,0.843459,1.005559,0.040000
130,2.183333,0.0000000,0.0000000,0.0000000,0.0000000,0.0000000,0.0000000,0.0,0.104959,-0.528030,0.667054,0.910344,-0.407147,-0.057312,-0.047121,-0.000002,-0.000000,0.000002,0.000017,0.000007,0.000020,0.040000,0.054499,-0.500000,0.422002,1.000000,0.000049,-0.000000,-0.000000,-0.219311,0.903197,-1.233381,0.202097,1.585696,0.798836,1.004811,0.040976,-0.336847,0.930569,-1.213404,0.436912,1.570856,0.843459,1.005559,0.040000
131,2.200000,0.0000000,0.0000000,0.0000000,0.0000000,0.0000000,0.0000000,0.0,0.104959,-0.528030,0.667054,0.910344,-0.407147,-0.057312,-0.047121,-0.000002,-0.000000,0.000002,0.000017,0.000007,0.000020,0.040000,0.054499,-0.500000,0.422002,1.000000,0.000049,-0.000000,-0.000000,-0.219311,0.903197,-1.233381,0.202097,1.585696,0.798836,1.004811,0.040976,-0.336847,0.930569,-1.213404,0.436912,1.570856,0.843459,1.005559,0.040000
132,2.216667,0.0000000,0.0000000,0.0000000,0.0000000,0.0000000,0.0000000,0.0,0.104959,-0.528030,0.667054,0.910344,-0.407147,-0.057312,-0.047121,-0.000002,-0.000000,0.000002,0.000017,0.000007,0.000020,0.040000,0.054499,-0.500000,0.422002,1.000000,0.000049,-0.000000,-0.000000,-0.219311,0.903197,-1.233381,0.202097,1.585696,0.798836,1.004811,0.040976,-0.336847,0.930569,-1.213404,0.436912,1.570856,0.843459,1.005559,0.040000
133,2.233333,0.0000000,0.0000000,0.0000000,0.0000000,0.0000000,0.0000000,0.0,0.104959,-0.528030,0.667054,0.910344,-0.407147,-0.057312,-0.047121,-0.000002,-0.000000,0.000002,0.000017,0.000007,0.000020,0.040000,0.054499,-0.500000,0.422002,1.000000,0.000049,-0.000000,-0.000000,-0.219311,0.903197,-1.233381,0.202097,1.585696,0.798836,1.004811,0.040976,-0.336847,0.930569,-1.213404,0.436912,1.570856,0.843459,1.005559,0.040000
134,2.250000,0.0000000,0.0000000,0.0000000,0.0000000,0.0000000,0.0000000,0.0,0.104959,-0.528030,0.667054,0.910344,-0.407147,-0.057312,-0.047121,-0.000002,-0.000000,0.000002,0.000017,0.000007,0.000020,0.040000,0.054499,-0.500000,0.422002,1.000000,0.000049,-0.000000,-0.000000,-0.219311,0.903197,-1.233381,0.202097,1.585696,0.798836,1.004811,0.040976,-0.336847,0.930569,-1.213404,0.436912,1.570856,0.843459,1.005559,0.040000
135,2.266667,0.0000000,0.0000000,0.0000000,0.0000000,0.0000000,0.0000000,0.0,0.104959,-0.528030,0.667054,0.910344,-0.407147,-0.057312,-0.047121,-0.000002,-0.000000,0.000002,0.000017,0.000007,0.000020,0.040000,0.054499,-0.500000,0.422002,1.000000,0.000049,-0.000000,-0.000000,-0.219311,0.903197,-1.233381,0.202097,1.585696,0.798836,1.004811,0.040976,-0.336847,0.930569,-1.213404,0.436912,1.570856,0.843459,1.005559,0.040000
136,2.283333,0.0000000,0.0000000,0.0000000,0.0000000,0.0000000,0.0000000,0.0,0.104959,-0.528030,0.667054,0.910344,-0.407147,-0.057312,-0.047121,-0.000002,-0.000000,0.000002,0.000017,0.000007,0.000020,0.040000,0.054499,-0.500000,0.422002,1.000000,0.000049,-0.000000,-0.000000,-0.219311,0.903197,-1.233381,0.202097,1.585696,0.798836,1.004811,0.040976,-0.336847,0.930569,-1.213404,0.436912,1.570856,0.843459,1.005559,0.040000
137,2.300000,0.0000000,0.0000000,0.0000000,0.0000000,0.0000000,0.0000000,0.0,0.104959,-0.528030,0.667054,0.910344,-0.407147,-0.057312,-0.047121,-0.000002,-0.000000,0.000002,0.000017,0.000007,0.000020,0.040000,0.054499,-0.500000,0.422002,1.000000,0.000049,-0.000000,-0.000000,-0.219311,0.903197,-1.233381,0.202097,1.585696,0.798836,1.004811,0.040976,-0.336847,0.930569,-1.213404,0.436912,1.570856,0.843459,1.005559,0.040000
138,2.316667,0.0000000,0.0000000,0.0000000,0.0000000,0.0000000,0.0000000,0.0,0.104959,-0.528030,0.667054,0.910344,-0.407147,-0.057312,-0.047121,-0.000002,-0.000000,0.000002,0.000017,0.000007,0.000020,0.040000,0.054499,-0.500000,0.422002,1.000000,0.000049,-0.000000,-0.000000,-0.219311,0.903197,-1.233381,0.202097,1.585696,0.798836,1.004811,0.040976,-0.336847,0.930569,-1.213404,0.436912,1.570856,0.843459,1.005559,0.040000
139,2.333333,0.0000000,0.0000000,0.0000000,0.0000000,0.0000000,0.0000000,0.0,0.104959,-0.528030,0.667054,0.910344,-0.407147,-0.057312,-0.047121,-0.000002,-0.000000,0.000002,0.000017,0.000007,0.000020,0.040000,0.054499,-0.500000,0.422002,1.000000,0.000049,-0.000000,-0.000000,-0.219311,0.903197,-1.233381,0.202097,1.585696,0.798836,1.004811,0.040976,-0.336847,0.930569,-1.213404,0.436912,1.570856,0.843459,1.005559,0.040000
140,2.350000,0.0000000,0.0000000,0.0000000,0.0000000,0.0000000,0.0000000,0.0,0.104959,-0.528030,0.667054,0.910344,-0.407147,-0.057312,-0.047121,-0.000002,-0.000000,0.000002,0.000017,0.000007,0.000020,0.040000,0.054499,-0.500000,0.422002,1.000000,0.000049,-0.000000,-0.000000,-0.219311,0.903197,-1.233381,0.202097,1.585696,0.798836,1.004811,0.040976,-0.336847,0.930569,-1.213404,0.436912,1.570856,0.843459,1.005559,0.040000
141,2.366667,0.0000000,0.0000000,0.0000000,0.0000000,0.0000000,0.0000000,0.0,0.104959,-0.528030,0.667054,0.910344,-0.407147,-0.057312,-0.047121,-0.000002,-0.000000,0.000002,0.000017,0.000007,0.000020,0.040000,0.054499,-0.500000,0.422002,1.000000,0.000049,-0.000000,-0.000000,-0.219311,0.903197,-1.233381,0.202097,1.585696,0.798836,1.004811,0.040976,-0.336847,0.930569,-1.213404,0.436912,1.570856,0.843459,1.005559,0.040000
142,2.383333,0.0000000,0.0000000,0.0000000,0.0000000,0.0000000,0.0000000,0.0,0.104959,-0.528030,0.667054,0.910344,-0.407147,-0.057312,-0.047121,-0.000002,-0.000000,0.000002,0.000017,0.000007,0.000020,0.040000,0.054499,-0.500000,0.422002,1.000000,0.000049,-0.000000,-0.000000,-0.219311,0.903197,-1.233381,0.202097,1.585696,0.798836,1.004811,0.040976,-0.336847,0.930569,-1.213404,0.436912,1.570856,0.843459,1.005559,0.040000
143,2.400000,0.0000000,0.0000000,0.0000000,0.0000000,0.0000000,0.0000000,0.0,0.104959,-0.528030,0.667054,0.910344,-0.407147,-0.057312,-0.047121,-0.000002,-0.000000,0.000002,0.000017,0.000007,0.000020,0.040000,0.054499,-0.500000,0.422002,1.000000,0.000049,-0.000000,-0.000000,-0.219311,0.903197,-1.233381,0.202097,1.585696,0.798836,1.004811,0.040976,-0.336847,0.930569,-1.213404,0.436912,1.570856,0.843459,1.005559,0.040000
144,2.416667,0.0000000,0.0000000,0.0000000,0.0000000,0.0000000,0.0000000,0.0,0.104959,-0.528030,0.667054,0.910344,-0.407147,-0.057312,-0.047121,-0.000002,-0.000000,0.000002,0.000017,0.000007,0.000020,0.040000,0.054499,-0.500000,0.422002,1.000000,0.000049,-0.000000,-0.000000,-0.219311,0.903197,-1.233381,0.202097,1.585696,0.798836,1.004811,0.040976,-0.336847,0.930569,-1.213404,0.436912,1.570856,0.843459,1.005559,0.040000
145,2.433333,0.0000000,0.0000000,0.0000000,0.0000000,0.0000000,0.0000000,0.0,0.104959,-0.528030,0.667054,0.910344,-0.407147,-0.057312,-0.047121,-0.000002,-0.000000,0.000002,0.000017,0.000007,0.000020,0.040000,0.054499,-0.500000,0.422002,1.000000,0.000049,-0.000000,-0.000000,-0.219311,0.903197,-1.233381,0.202097,1.585696,0.798836,1.004811,0.040976,-0.336847,0.930569,-1.213404,0.436912,1.570856,0.843459,1.005559,0.040000
146,2.450000,0.0000000,0.0000000,0.0000000,0.0000000,0.0000000,0.0000000,0.0,0.104959,-0.528030,0.667054,0.910344,-0.407147,-0.057312,-0.047121,-0.000002,-0.000000,0.000002,0.000017,0.000007,0.000020,0.040000,0.054499,-0.500000,0.422002,1.000000,0.000049,-0.000000,-0.000000,-0.219311,0.903197,-1.233381,0.202097,1.585696,0.798836,1.004811,0.040976,-0.336847,0.930569,-1.213404,0.436912,1.570856,0.843459,1.005559,0.040000
147,2.466667,0.0000000,0.0000000,0.0000000,0.0000000,0.0000000,0.0000000,0.0,0.104959,-0.528030,0.667054,0.910344,-0.407147,-0.057312,-0.047121,-0.000002,-0.000000,0.000002,0.000017,0.000007,0.000020,0.040000,0.054499,-0.500000,0.422002,1.000000,0.000049,-0.000000,-0.000000,-0.219311,0.903197,-1.233381,0.202097,1.585696,0.798836,1.004811,0.040976,-0.336847,0.930569,-1.213404,0.436912,1.570856,0.843459,1.005559,0.040000
148,2.483333,0.0000000,0.0000000,0.0000000,0.0000000,0.0000000,0.0000000,0.0,0.104959,-0.528030,0.667054,0.910344,-0.407147,-0.057312,-0.047121,-0.000002,-0.000000,0.000002,0.000017,0.000007,0.000020,0.040000,0.054499,-0.500000,0.422002,1.000000,0.000049,-0.000000,-0.000000,-0.219311,0.903197,-1.233381,0.202097,1.585696,0.798836,1.004811,0.040976,-0.336847,0.930569,-1.213404,0.436912,1.570856,0.843459,1.005559,0.040000
149,2.500000,0.0000000,0.0000000,0.0000000,0.0000000,0.0000000,0.0000000,0.0,0.104959,-0.528030,0.667054,0.910344,-0.407147,-0.057312,-0.047121,-0.000002,-0.000000,0.000002,0.000017,0.000007,0.000020,0.040000,0.054499,-0.500000,0.422002,1.000000,0.000049,-0.000000,-0.000000,-0.219311,0.903197,-1.233381,0.202097,1.585696,0.798836,1.004811,0.040976,-0.336847,0.930569,-1.213404,0.436912,1.570856,0.843459,1.005559,0.040000
150,2.516667,0.0000000,0.0000000,0.0000000,0.0000000,0.0000000,0.0000000,0.0,0.104959,-0.528030,0.667054,0.910344,-0.407147,-0.057312,-0.047121,-0.000002,-0.000000,0.000002,0.000017,0.000007,0.000020,0.040000,0.054499,-0.500000,0.422002,1.000000,0.000049,-0.000000,-0.000000,-0.219311,0.903197,-1.233381,0.202097,1.585696,0.798836,1.004811,0.040976,-0.336847,0.930569,-1.213404,0.436912,1.570856,0.843459,1.005559,0.040000
151,2.533333,0.0000000,0.0000000,0.0000000,0.0000000,0.0000000,0.0000000,0.0,0.104959,-0.528030,0.667054,0.910344,-0.407147,-0.057312,-0.047121,-0.000002,-0.000000,0.000002,0.000017,0.000007,0.000020,0.040000,0.054499,-0.500000,0.422002,1.000000,0.000049,-0.000000,-0.000000,-0.219311,0.903197,-1.233381,0.202097,1.585696,0.798836,1.004811,0.040976,-0.336847,0.930569,-1.213404,0.436912,1.570856,0.843459,1.005559,0.040000
152,2.550000,0.0000000,0.0000000,0.0000000,0.0000000,0.0000000,0.0000000,0.0,0.104959,-0.528030,0.667054,0.910344,-0.407147,-0.057312,-0.047121,-0.000002,-0.000000,0.000002,0.000017,0.000007,0.000020,0.040000,0.054499,-0.500000,0.422002,1.000000,0.000049,-0.000000,-0.000000,-0.219311,0.903197,-1.233381,0.202097,1.585696,0.798836,1.004811,0.040976,-0.336847,0.930569,-1.213404,0.436912,1.570856,0.843459,1.005559,0.040000
153,2.566667,0.0000000,0.0000000,0.0000000,0.0000000,0.0000000,0.0000000,0.0,0.104959,-0.528030,0.667054,0.910344,-0.407147,-0.057312,-0.047121,-0.000002,-0.000000,0.000002,0.000017,0.000007,0.000020,0.040000,0.054499,-0.500000,0.422002,1.000000,0.000049,-0.000000,-0.000000,-0.219311,0.903197,-1.233381,0.202097,1.585696,0.798836,1.004811,0.040976,-0.336847,0.930569,-1.213404,0.436912,1.570856,0.843459,1.005559,0.040000
154,2.583333,0.0000000,0.0000000,0.0000000,0.0000000,0.0000000,0.0000000,0.0,0.104959,-0.528030,0.667054,0.910344,-0.407147,-0.057312,-0.047121,-0.000002,-0.000000,0.000002,0.000017,0.000007,0.000020,0.040000,0.054499,-0.500000,0.422002,1.000000,0.000049,-0.000000,-0.000000,-0.219311,0.903197,-1.233381,0.202097,1.585696,0.798836,1.004811,0.040976,-0.336847,0.930569,-1.213404,0.436912,1.570856,0.843459,1.005559,0.040000
155,2.600000,0.0000000,0.0000000,0.0000000,0.0000000,0.0000000,0.0000000,0.0,0.104959,-0.528030,0.667054,0.910344,-0.407147,-0.057312,-0.047121,-0.000002,-0.000000,0.000002,0.000017,0.000007,0.000020,0.040000,0.054499,-0.500000,0.422002,1.000000,0.000049,-0.000000,-0.000000,-0.219311,0.903197,-1.233381,0.202097,1.585696,0.798836,1.004811,0.040976,-0.336847,0.930569,-1.213404,0.436912,1.570856,0.843459,1.005559,0.040000
156,2.616667,0.0000000,0.0000000,0.0000000,0.0000000,0.0000000,0.0000000,0.0,0.104959,-0.528030,0.667054,0.910344,-0.407147,-0.057312,-0.047121,-0.000002,-0.000000,0.000002,0.000017,0.000007,0.000020,0.040000,0.054499,-0.500000,0.422002,1.000000,0.000049,-0.000000,-0.000000,-0.219311,0.903197,-1.233381,0.202097,1.585696,0.798836,1.004811,0.040976,-0.336847,0.930569,-1.213404,0.436912,1.570856,0.843459,1.005559,0.040000
157,2.633333,0.0000000,0.0000000,0.0000000,0.0000000,0.0000000,0.0000000,0.0,0.104959,-0.528030,0.667054,0.910344,-0.407147,-0.057312,-0.047121,-0.000002,-0.000000,0.000002,0.000017,0.000007,0.000020,0.040000,0.054499,-0.500000,0.422002,1.000000,0.000049,-0.000000,-0.000000,-0.219311,0.903197,-1.233381,0.202097,1.585696,0.798836,1.004811,0.040976,-0.336847,0.930569,-1.213404,0.436912,1.570856,0.843459,1.005559,0.040000
158,2.650000,0.0000000,0.0000000,0.0000000,0.0000000,0.0000000,0.0000000,0.0,0.104959,-0.528030,0.667054,0.910344,-0.407147,-0.057312,-0.047121,-0.000002,-0.000000,0.000002,0.000017,0.000007,0.000020,0.040000,0.054499,-0.500000,0.422002,1.000000,0.000049,-0.000000,-0.000000,-0.219311,0.903197,-1.233381,0.202097,1.585696,0.798836,1.004811,0.040976,-0.336847,0.930569,-1.213404,0.436912,1.570856,0.843459,1.005559,0.040000
159,2.666667,0.0000000,0.0000000,0.0000000,0.0000000,0.0000000,0.0000000,0.0,0.104959,-0.528030,0.667054,0.910344,-0.407147,-0.057312,-0.047121,-0.000002,-0.000000,0.000002,0.000017,0.000007,0.000020,0.040000,0.054499,-0.500000,0.422002,1.000000,0.000049,-0.000000,-0.000000,-0.219311,0.903197,-1.233381,0.202097,1.585696,0.798836,1.004811,0.040976,-0.336847,0.930569,-1.213404,0.436912,1.570856,0.843459,1.005559,0.040000
160,2.683333,0.0000000,0.0000000,0.0000000,0.0000000,0.0000000,0.0000000,0.0,0.104959,-0.528030,0.667054,0.910344,-0.407147,-0.057312,-0.047121,-0.000002,-0.000000,0.000002,0.000017,0.000007,0.000020,0.040000,0.054499,-0.500000,0.422002,1.000000,0.000049,-0.000000,-0.000000,-0.219311,0.903197,-1.233381,0.202097,1.585696,0.798836,1.004811,0.040976,-0.336847,0.930569,-1.213404,0.436912,1.570856,0.843459,1.005559,0.040000
161,2.700000,0.0000000,0.0000000,0.0000000,0.0000000,0.0000000,0.0000000,0.0,0.104959,-0.528030,0.667054,0.910344,-0.407147,-0.057312,-0.047121,-0.000002,-0.000000,0.000002,0.000017,0.000007,0.000020,0.040000,0.054499,-0.500000,0.422002,1.000000,0.000049,-0.000000,-0.000000,-0.219311,0.903197,-1.233381,0.202097,1.585696,0.798836,1.004811,0.040976,-0.336847,0.930569,-1.213404,0.436912,1.570856,0.843459,1.005559,0.040000
162,2.716667,0.0000000,0.0000000,0.0000000,0.0000000,0.0000000,0.0000000,0.0,0.104959,-0.528030,0.667054,0.910344,-0.407147,-0.057312,-0.047121,-0.000002,-0.000000,0.000002,0.000017,0.000007,0.000020,0.040000,0.054499,-0.500000,0.422002,1.000000,0.000049,-0.000000,-0.000000,-0.219311,0.903197,-1.233381,0.202097,1.585696,0.798836,1.004811,0.040976,-0.336847,0.930569,-1.213404,0.436912,1.570856,0.843459,1.005559,0.040000
163,2.733333,0.0000000,0.0000000,0.0000000,0.0000000,0.0000000,0.0000000,0.0,0.104959,-0.528030,0.667054,0.910344,-0.407147,-0.057312,-0.047121,-0.000002,-0.000000,0.000002,0.000017,0.000007,0.000020,0.040000,0.054499,-0.500000,0.422002,1.000000,0.000049,-0.000000,-0.000000,-0.219311,0.903197,-1.233381,0.202097,1.585696,0.798836,1.004811,0.040976,-0.336847,0.930569,-1.213404,0.436912,1.570856,0.843459,1.005559,0.040000
164,2.750000,0.0000000,0.0000000,0.0000000,0.0000000,0.0000000,0.0000000,0.0,0.104959,-0.528030,0.667054,0.910344,-0.407147,-0.057312,-0.047121,-0.000002,-0.000000,0.000002,0.000017,0.000007,0.000020,0.040000,0.054499,-0.500000,0.422002,1.000000,0.000049,-0.000000,-0.000000,-0.219311,0.903197,-1.233381,0.202097,1.585696,0.798836,1.004811,0.040976,-0.336847,0.930569,-1.213404,0.436912,1.570856,0.843459,1.005559,0.040000
165,2.766667,0.0000000,0.0000000,0.0000000,0.0000000,0.0000000,0.0000000,0.0,0.104959,-0.528030,0.667054,0.910344,-0.407147,-0.057312,-0.047121,-0.000002,-0.000000,0.000002,0.000017,0.000007,0.000020,0.040000,0.054499,-0.500000,0.422002,1.000000,0.000049,-0.000000,-0.000000,-0.219311,0.903197,-1.233381,0.202097,1.585696,0.798836,1.004811,0.040976,-0.336847,0.930569,-1.213404,0.436912,1.570856,0.843459,1.005559,0.040000
166,2.783333,0.0000000,0.0000000,0.0000000,0.0000000,0.0000000,0.0000000,0.0,0.104959,-0.528030,0.667054,0.910344,-0.407147,-0.057312,-0.047121,-0.000002,-0.000000,0.000002,0.000017,0.000007,0.000020,0.040000,0.054499,-0.500000,0.422002,1.000000,0.000049,-0.000000,-0.000000,-0.219311,0.903197,-1.233381,0.202097,1.585696,0.798836,1.004811,0.040976,-0.336847,0.930569,-1.213404,0.436912,1.570856,0.843459,1.005559,0.040000
167,2.800000,0.0000000,0.0000000,0.0000000,0.0000000,0.0000000,0.0000000,0.0,0.104959,-0.528030,0.667054,0.910344,-0.407147,-0.057312,-0.047121,-0.000002,-0.000000,0.000002,0.000017,0.000007,0.000020,0.040000,0.054499,-0.500000,0.422002,1.000000,0.000049,-0.000000,-0.000000,-0.219311,0.903197,-1.233381,0.202097,1.585696,0.798836,1.004811,0.040976,-0.336847,0.930569,-1.213404,0.436912,1.570856,0.843459,1.005559,0.040000
168,2.816667,0.0000000,0.0000000,0.0000000,0.0000000,0.0000000,0.0000000,0.0,0.104959,-0.528030,0.667054,0.910344,-0.407147,-0.057312,-0.047121,-0.000002,-0.000000,0.000002,0.000017,0.000007,0.000020,0.040000,0.054499,-0.500000,0.422002,1.000000,0.000049,-0.000000,-0.000000,-0.219311,0.903197,-1.233381,0.202097,1.585696,0.798836,1.004811,0.040976,-0.336847,0.930569,-1.213404,0.436912,1.570856,0.843459,1.005559,0.040000
169,2.833333,0.0000000,0.0000000,0.0000000,0.0000000,0.0000000,0.0000000,0.0,0.104959,-0.528030,0.667054,0.910344,-0.407147,-0.057312,-0.047121,-0.000002,-0.000000,0.000002,0.000017,0.000007,0.000020,0.040000,0.054499,-0.500000,0.422002,1.000000,0.000049,-0.000000,-0.000000,-0.219311,0.903197,-1.233381,0.202097,1.585696,0.798836,1.004811,0.040976,-0.336847,0.930569,-1.213404,0.436912,1.570856,0.843459,1.005559,0.040000
170,2.850000,0.0000000,0.0000000,0.0000000,0.0000000,0.0000000,0.0000000,0.0,0.104959,-0.528030,0.667054,0.910344,-0.407147,-0.057312,-0.047121,-0.000002,-0.000000,0.000002,0.000017,0.000007,0.000020,0.040000,0.054499,-0.500000,0.422002,1.000000,0.000049,-0.000000,-0.000000,-0.219311,0.903197,-1.233381,0.202097,1.585696,0.798836,1.004811,0.040976,-0.336847,0.930569,-1.213404,0.436912,1.570856,0.843459,1.005559,0.040000
171,2.866667,0.0000000,0.0000000,0.0000000,0.0000000,0.0000000,0.0000000,0.0,0.104959,-0.528030,0.667054,0.910344,-0.407147,-0.057312,-0.047121,-0.000002,-0.000000,0.000002,0.000017,0.000007,0.000020,0.040000,0.054499,-0.500000,0.422002,1.000000,0.000049,-0.000000,-0.000000,-0.219311,0.903197,-1.233381,0.202097,1.585696,0.798836,1.004811,0.040976,-0.336847,0.930569,-1.213404,0.436912,1.570856,0.843459,1.005559,0.040000
172,2.883333,0.0000000,0.0000000,0.0000000,0.0000000,0.0000000,0.0000000,0.0,0.104959,-0.528030,0.667054,0.910344,-0.407147,-0.057312,-0.047121,-0.000002,-0.000000,0.000002,0.000017,0.000007,0.000020,0.040000,0.054499,-0.500000,0.422002,1.000000,0.000049,-0.000000,-0.000000,-0.219311,0.903197,-1.233381,0.202097,1.585696,0.798836,1.004811,0.040976,-0.336847,0.930569,-1.213404,0.436912,1.570856,0.843459,1.005559,0.040000
173,2.900000,0.0000000,0.0000000,0.0000000,0.0000000,0.0000000,0.0000000,0.0,0.104959,-0.528030,0.667054,0.910344,-0.407147,-0.057312,-0.047121,-0.000002,-0.000000,0.000002,0.000017,0.000007,0.000020,0.040000,0.054499,-0.500000,0.422002,1.000000,0.000049,-0.000000,-0.000000,-0.219311,0.903197,-1.233381,0.202097,1.585696,0.798836,1.004811,0.040976,-0.336847,0.930569,-1.213404,0.436912,1.570856,0.843459,1.005559,0.040000
174,2.916667,0.0000000,0.0000000,0.0000000,0.0000000,0.0000000,0.0000000,0.0,0.104959,-0.528030,0.667054,0.910344,-0.407147,-0.057312,-0.047121,-0.000002,-0.000000,0.000002,0.000017,0.000007,0.000020,0.040000,0.054499,-0.500000,0.422002,1.000000,0.000049,-0.000000,-0.000000,-0.219311,0.903197,-1.233381,0.202097,1.585696,0.798836,1.004811,0.040976,-0.336847,0.930569,-1.213404,0.436912,1.570856,0.843459,1.005559,0.040000
175,2.933333,0.0000000,0.0000000,0.0000000,0.0000000,0.0000000,0.0000000,0.0,0.104959,-0.528030,0.667054,0.910344,-0.407147,-0.057312,-0.047121,-0.000002,-0.000000,0.000002,0.000017,0.000007,0.000020,0.040000,0.054499,-0.500000,0.422002,1.000000,0.000049,-0.000000,-0.000000,-0.219311,0.903197,-1.233381,0.202097,1.585696,0.798836,1.004811,0.040976,-0.336847,0.930569,-1.213404,0.436912,1.570856,0.843459,1.005559,0.040000
176,2.950000,0.0000000,0.0000000,0.0000000,0.0000000,0.0000000,0.0000000,0.0,0.104959,-0.528030,0.667054,0.910344,-0.407147,-0.057312,-0.047121,-0.000002,-0.000000,0.000002,0.000017,0.000007,0.000020,0.040000,0.054499,-0.500000,0.422002,1.000000,0.000049,-0.000000,-0.000000,-0.219311,0.903197,-1.233381,0.202097,1.585696,0.798836,1.004811,0.040976,-0.336847,0.930569,-1.213404,0.436912,1.570856,0.843459,1.005559,0.040000
177,2.966667,0.0000000,0.0000000,0.0000000,0.0000000,0.0000000,0.0000000,0.0,0.104959,-0.528030,0.667054,0.910344,-0.407147,-0.057312,-0.047121,-0.000002,-0.000000,0.000002,0.000017,0.000007,0.000020,0.040000,0.054499,-0.500000,0.422002,1.000000,0.000049,-0.000000,-0.000000,-0.219311,0.903197,-1.233381,0.202097,1.585696,0.798836,1.004811,0.040976,-0.336847,0.930569,-1.213404,0.436912,1.570856,0.843459,1.005559,0.040000
178,2.983333,0.0000000,0.0000000,0.0000000,0.0000000,0.0000000,0.0000000,0.0,0.104959,-0.528030,0.667054,0.910344,-0.407147,-0.057312,-0.047121,-0.000002,-0.000000,0.000002,0.000017,0.000007,0.000020,0.040000,0.054499,-0.500000,0.422002,1.000000,0.000049,-0.000000,-0.000000,-0.219311,0.903197,-1.233381,0.202097,1.585696,0.798836,1.004811,0.040976,-0.336847,0.930569,-1.213404,0.436912,1.570856,0.843459,1.005559,0.040000
179,3.000000,0.0000000,0.0000000,0.0000000,0.0000000,0.0000000,0.0000000,0.0,0.104959,-0.528030,0.667054,0.910344,-0.407147,-0.057312,-0.047121,-0.000002,-0.000000,0.000002,0.000017,0.000007,0.000020,0.040000,0.054499,-0.500000,0.422002,1.000000,0.000049,-0.000000,-0.000000,-0.219311,0.903197,-1.233381,0.202097,1.585696,0.798836,1.004811,0.040976,-0.336847,0.930569,-1.213404,0.436912,1.570856,0.843459,1.005559,0.040000
180,3.016667,0.0000000,0.0000000,0.0000000,0.0000000,0.0000000,0.0000000,0.0,0.104959,-0.528030,0.667054,0.910344,-0.407147,-0.057312,-0.047121,-0.000002,-0.000000,0.000002,0.000017,0.000007,0.000020,0.040000,0.054499,-0.500000,0.422002,1.000000,0.000049,-0.000000,-0.000000,-0.219311,0.903197,-1.233381,0.202097,1.585696,0.798836,1.004811,0.040976,-0.336847,0.930569,-1.213404,0.436912,1.570856,0.843459,1.005559,0.040000
181,3.033333,0.0000000,0.0000000,0.0000000,0.0000000,0.0000000,0.0000000,0.0,0.104959,-0.528030,0.667054,0.910344,-0.407147,-0.057312,-0.047121,-0.000002,-0.000000,0.000002,0.000017,0.000007,0.000020,0.040000,0.054499,-0.500000,0.422002,1.000000,0.000049,-0.000000,-0.000000,-0.219311,0.903197,-1.233381,0.202097,1.585696,0.798836,1.004811,0.040976,-0.336847,0.930569,-1.213404,0.436912,1.570856,0.843459,1.005559,0.040000
182,3.050000,0.0000000,0.0000000,0.0000000,0.0000000,0.0000000,0.0000000,0.0,0.104959,-0.528030,0.667054,0.910344,-0.407147,-0.057312,-0.047121,-0.000002,-0.000000,0.000002,0.000017,0.000007,0.000020,0.040000,0.054499,-0.500000,0.422002,1.000000,0.000049,-0.000000,-0.000000,-0.219311,0.903197,-1.233381,0.202097,1.585696,0.798836,1.004811,0.040976,-0.336847,0.930569,-1.213404,0.436912,1.570856,0.843459,1.005559,0.040000
183,3.066667,0.0000000,0.0000000,0.0000000,0.0000000,0.0000000,0.0000000,0.0,0.104959,-0.528030,0.667054,0.910344,-0.407147,-0.057312,-0.047121,-0.000002,-0.000000,0.000002,0.000017,0.000007,0.000020,0.040000,0.054499,-0.500000,0.422002,1.000000,0.000049,-0.000000,-0.000000,-0.219311,0.903197,-1.233381,0.202097,1.585696,0.798836,1.004811,0.040976,-0.336847,0.930569,-1.213404,0.436912,1.570856,0.843459,1.005559,0.040000
184,3.083333,0.0000000,0.0000000,0.0000000,0.0000000,0.0000000,0.0000000,0.0,0.104959,-0.528030,0.667054,0.910344,-0.407147,-0.057312,-0.047121,-0.000002,-0.000000,0.000002,0.000017,0.000007,0.000020,0.040000,0.054499,-0.500000,0.422002,1.000000,0.000049,-0.000000,-0.000000,-0.219311,0.903197,-1.233381,0.202097,1.585696,0.798836,1.004811,0.040976,-0.336847,0.930569,-1.213404,0.436912,1.570856,0.843459,1.005559,0.040000
185,3.100000,0.0000000,0.0000000,0.0000000,0.0000000,0.0000000,0.0000000,0.0,0.104959,-0.528030,0.667054,0.910344,-0.407147,-0.057312,-0.047121,-0.000002,-0.000000,0.000002,0.000017,0.000007,0.000020,0.040000,0.054499,-0.500000,0.422002,1.000000,0.000049,-0.000000,-0.000000,-0.219311,0.903197,-1.233381,0.202097,1.585696,0.798836,1.004811,0.040976,-0.336847,0.930569,-1.213404,0.436912,1.570856,0.843459,1.005559,0.040000
186,3.116667,0.0000000,0.0000000,0.0000000,0.0000000,0.0000000,0.0000000,0.0,0.104959,-0.528030,0.667054,0.910344,-0.407147,-0.057312,-0.047121,-0.000002,-0.000000,0.000002,0.000017,0.000007,0.000020,0.040000,0.054499,-0.500000,0.422002,1.000000,0.000049,-0.000000,-0.000000,-0.219311,0.903197,-1.233381,0.202097,1.585696,0.798836,1.004811,0.040976,-0.336847,0.930569,-1.213404,0.436912,1.570856,0.843459,1.005559,0.040000
187,3.133333,0.0000000,0.0000000,0.0000000,0.0000000,0.0000000,0.0000000,0.0,0.104959,-0.528030,0.667054,0.910344,-0.407147,-0.057312,-0.047121,-0.000002,-0.000000,0.000002,0.000017,0.000007,0.000020,0.040000,0.054499,-0.500000,0.422002,1.000000,0.000049,-0.000000,-0.000000,-0.219311,0.903197,-1.233381,0.202097,1.585696,0.798836,1.004811,0.040976,-0.336847,0.930569,-1.213404,0.436912,1.570856,0.843459,1.005559,0.040000
188,3.150000,0.0000000,0.0000000,0.0000000,0.0000000,0.0000000,0.0000000,0.0,0.104959,-0.528030,0.667054,0.910344,-0.407147,-0.057312,-0.047121,-0.000002,-0.000000,0.000002,0.000017,0.000007,0.000020,0.040000,0.054499,-0.500000,0.422002,1.000000,0.000049,-0.000000,-0.000000,-0.219311,0.903197,-1.233381,0.202097,1.585696,0.798836,1.004811,0.040976,-0.336847,0.930569,-1.213404,0.436912,1.570856,0.843459,1.005559,0.040000
189,3.166667,0.0000000,0.0000000,0.0000000,0.0000000,0.0000000,0.0000000,0.0,0.104959,-0.528030,0.667054,0.910344,-0.407147,-0.057312,-0.047121,-0.000002,-0.000000,0.000002,0.000017,0.000007,0.000020,0.040000,0.054499,-0.500000,0.422002,1.000000,0.000049,-0.000000,-0.000000,-0.219311,0.903197,-1.233381,0.202097,1.585696,0.798836,1.004811,0.040976,-0.336847,0.930569,-1.213404,0.436912,1.570856,0.843459,1.005559,0.040000
190,3.183333,0.0000000,0.0000000,0.0000000,0.0000000,0.0000000,0.0000000,0.0,0.104959,-0.528030,0.667054,0.910344,-0.407147,-0.057312,-0.047121,-0.000002,-0.000000,0.000002,0.000017,0.000007,0.000020,0.040000,0.054499,-0.500000,0.422002,1.000000,0.000049,-0.000000,-0.000000,-0.219311,0.903197,-1.233381,0.202097,1.585696,0.798836,1.004811,0.040976,-0.336847,0.930569,-1.213404,0.436912,1.570856,0.843459,1.005559,0.040000
191,3.200000,0.0000000,0.0000000,0.0000000,0.0000000,0.0000000,0.0000000,0.0,0.104959,-0.528030,0.667054,0.910344,-0.407147,-0.057312,-0.047121,-0.000002,-0.000000,0.000002,0.000017,0.000007,0.000020,0.040000,0.054499,-0.500000,0.422002,1.000000,0.000049,-0.000000,-0.000000,-0.219311,0.903197,-1.233381,0.202097,1.585696,0.798836,1.004811,0.040976,-0.336847,0.930569,-1.213404,0.436912,1.570856,0.843459,1.005559,0.040000
192,3.216667,0.0000000,0.0000000,0.0000000,0.0000000,0.0000000,0.0000000,0.0,0.104959,-0.528030,0.667054,0.910344,-0.407147,-0.057312,-0.047121,-0.000002,-0.000000,0.000002,0.000017,0.000007,0.000020,0.040000,0.054499,-0.500000,0.422002,1.000000,0.000049,-0.000000,-0.000000,-0.219311,0.903197,-1.233381,0.202097,1.585696,0.798836,1.004811,0.040976,-0.336847,0.930569,-1.213404,0.436912,1.570856,0.843459,1.005559,0.040000
193,3.233333,0.0000000,0.0000000,0.0000000,0.0000000,0.0000000,0.0000000,0.0,0.104959,-0.528030,0.667054,0.910344,-0.407147,-0.057312,-0.047121,-0.000002,-0.000000,0.000002,0.000017,0.000007,0.000020,0.040000,0.054499,-0.500000,0.422002,1.000000,0.000049,-0.000000,-0.000000,-0.219311,0.903197,-1.233381,0.202097,1.585696,0.798836,1.004811,0.040976,-0.336847,0.930569,-1.213404,0.436912,1.570856,0.843459,1.005559,0.040000
194,3.250000,0.0000000,0.0000000,0.0000000,0.0000000,0.0000000,0.0000000,0.0,0.104959,-0.528030,0.667054,0.910344,-0.407147,-0.057312,-0.047121,-0.000002,-0.000000,0.000002,0.000017,0.000007,0.000020,0.040000,0.054499,-0.500000,0.422002,1.000000,0.000049,-0.000000,-0.000000,-0.219311,0.903197,-1.233381,0.202097,1.585696,0.798836,1.004811,0.040976,-0.336847,0.930569,-1.213404,0.436912,1.570856,0.843459,1.005559,0.040000
195,3.266667,0.0000000,0.0000000,0.0000000,0.0000000,0.0000000,0.0000000,0.0,0.104959,-0.528030,0.667054,0.910344,-0.407147,-0.057312,-0.047121,-0.000002,-0.000000,0.000002,0.000017,0.000007,0.000020,0.040000,0.054499,-0.500000,0.422002,1.000000,0.000049,-0.000000,-0.000000,-0.219311,0.903197,-1.233381,0.202097,1.585696,0.798836,1.004811,0.040976,-0.336847,0.930569,-1.213404,0.436912,1.570856,0.843459,1.005559,0.040000
196,3.283333,0.0000000,0.0000000,0.0000000,0.0000000,0.0000000,0.0000000,0.0,0.104959,-0.528030,0.667054,0.910344,-0.407147,-0.057312,-0.047121,-0.000002,-0.000000,0.000002,0.000017,0.000007,0.000020,0.040000,0.054499,-0.500000,0.422002,1.000000,0.000049,-0.000000,-0.000000,-0.219311,0.903197,-1.233381,0.202097,1.585696,0.798836,1.004811,0.040976,-0.336847,0.930569,-1.213404,0.436912,1.570856,0.843459,1.005559,0.040000
197,3.300000,0.0000000,0.0000000,0.0000000,0.0000000,0.0000000,0.0000000,0.0,0.104959,-0.528030,0.667054,0.910344,-0.407147,-0.057312,-0.047121,-0.000002,-0.000000,0.000002,0.000017,0.000007,0.000020,0.040000,0.054499,-0.500000,0.422002,1.000000,0.000049,-0.000000,-0.000000,-0.219311,0.903197,-1.233381,0.202097,1.585696,0.798836,1.004811,0.040976,-0.336847,0.930569,-1.213404,0.436912,1.570856,0.843459,1.005559,0.040000
198,3.316667,0.0000000,0.0000000,0.0000000,0.0000000,0.0000000,0.0000000,0.0,0.104959,-0.528030,0.667054,0.910344,-0.407147,-0.057312,-0.047121,-0.000002,-0.000000,0.000002,0.000017,0.000007,0.000020,0.040000,0.054499,-0.500000,0.422002,1.000000,0.000049,-0.000000,-0.000000,-0.219311,0.903197,-1.233381,0.202097,1.585696,0.798836,1.004811,0.040976,-0.336847,0.930569,-1.213404,0.436912,1.570856,0.843459,1.005559,0.040000
199,3.333333,0.0000000,0.0000000,0.0000000,0.0000000,0.0000000,0.0000000,0.0,0.104959,-0.528030,0.667054,0.910344,-0.407147,-0.057312,-0.047121,-0.000002,-0.000000,0.000002,0.000017,0.000007,0.000020,0.040000,0.054499,-0.500000,0.422002,1.000000,0.000049,-0.000000,-0.000000,-0.219311,0.903197,-1.233381,0.202097,1.585696,0.798836,1.004811,0.040976,-0.336847,0.930569,-1.213404,0.436912,1.570856,0.843459,1.005559,0.040000
200,3.350000,0.0000000,0.0000000,0.0000000,0.0000000,0.0000000,0.0000000,0.0,0.104959,-0.528030,0.667054,0.910344,-0.407147,-0.057312,-0.047121,-0.000002,-0.000000,0.000002,0.000017,0.000007,0.000020,0.040000,0.054499,-0.500000,0.422002,1.000000,0.000049,-0.000000,-0.000000,-0.219311,0.903197,-1.233381,0.202097,1.585696,0.798836,1.004811,0.040976,-0.336847,0.930569,-1.213404,0.436912,1.570856,0.843459,1.005559,0.040000
